Pixel,Value,Minima,,,,,,,,
0,23744,,,,,,,,,
0.1,23744,,,,,,,,,
0.2,23744,,,,,,,,,
0.3,23744,,,,,,,,,
0.4,23744,,,,,,,,,
0.5,23744,,,,,,,,,
0.6,27456,,,,,,,,,
0.7,27456,,,,Spatial Frequency (LP/mm),Size (mm),Minimum,Maximum,,
0.8,27456,,,,0.5,2,5568,40448,0.757997218,
0.9,27456,,,,0.67,1.5,8085.333,42496,0.68030368,
1,27456,,,,1,1,9514.667,40128,0.616673818,
1.1,27456,,,,1.33,0.75,13440,37472,0.47203017,
1.2,27456,,,,2,0.5,19498.67,29312,0.201048869,
1.3,27456,,,,4,0.25,19392,22976,0.084592145,
1.4,27456,,,,,,,,#DIV/0!,
1.5,27456,,,,Spatial Frequency (LP/mm),Size (mm),Minimum,Maximum,#VALUE!,
1.6,17408,,,,0.5,2,0.24358,1.314977,0.68742882,
1.7,17408,,,,0.67,1.5,0.3387,1.276327,0.580564288,
1.8,17408,,,,1,1,0.51796,1.225081,0.405682368,
1.9,17408,,,,1.33,0.75,0.56461,1.09692,0.320373391,
2,17408,,,,2,0.5,0.69383,0.872661,0.114160247,
2.1,17408,,,,4,0.25,0.813099,0.813099,0,
2.2,17408,,,,,,,,,
2.3,17408,,,,,Original,Half,Blocks 50,Blocks 10,Every Other
2.4,17408,,,,Mean,0.8132,0.7541,0.774,0.8184,0.7879
2.5,17408,,,,STD Dev,+/- 0.0152,+/- 0.0164,+/- 0.0261,+/- 0.0230,+/- 0.0191
2.6,7872,,,,,,,,,
2.7,7872,,,,,,,,,
2.8,7872,,,,,,,,,
2.9,7872,,,,,,,,,
3,7872,,,,,,,,,
3.1,7872,,,,,,,,,
3.2,7872,,,,,,,,,
3.3,7872,,,,,,,,,
3.4,7872,,,,,,,,,
3.5,7872,,,,,,,,,
3.6,6336,,,,,,,,,
3.7,6336,,,,,,,,,
3.8,6336,,,,,,,,,
3.9,6336,,,,,,,,,
4,6336,,,,,,,,,
4.1,6336,,,,,,,,,
4.2,6336,,,,,,,,,
4.3,6336,,,,,,,,,
4.4,6336,,,,,,,,,
4.5,6336,,,,,,,,,
4.6,5376,,,,,,,,,
4.7,5376,,,,,,,,,
4.8,5376,,,,,,,,,
4.9,5376,,,,,,,,,
5,5376,,,,,,,,,
5.1,5376,,,,,,,,,
5.2,5376,,,,,,,,,
5.3,5376,,,,,,,,,
5.4,5376,,,,,,,,,
5.5,5376,,,,,,,,,
5.6,5568,,,,,,,,,
5.7,5568,,,,,,,,,
5.8,5568,,,,,,,,,
5.9,5568,,,,,,,,,
6,5568,,,,,,,,,
6.1,5568,,,,,,,,,
6.2,5568,,,,,,,,,
6.3,5568,,,,,,,,,
6.4,5568,,,,,,,,,
6.5,5568,,,,,,,,,
6.6,6208,,,,,,,,,
6.7,6208,,,,,,,,,
6.8,6208,,,,,,,,,
6.9,6208,,,,,,,,,
7,6208,,,,,,,,,
7.1,6208,,,,,,,,,
7.2,6208,,,,,,,,,
7.3,6208,,,,,,,,,
7.4,6208,,,,,,,,,
7.5,6208,,,,,,,,,
7.6,7488,,,,,,,,,
7.7,7488,,,,,,,,,
7.8,7488,,,,,,,,,
7.9,7488,,,,,,,,,
8,7488,,,,,,,,,
8.1,7488,,,,,,,,,
8.2,7488,,,,,,,,,
8.3,7488,,,,,,,,,
8.4,7488,,,,,,,,,
8.5,7488,,,,,,,,,
8.6,17024,,,,,,,,,
8.7,17024,,,,,,,,,
8.8,17024,,,,,,,,,
8.9,17024,,,,,,,,,
9,17024,,,,,,,,,
9.1,17024,,,,,,,,,
9.2,17024,,,,,,,,,
9.3,17024,,,,,,,,,
9.4,17024,,,,,,,,,
9.5,17024,,,,,,,,,
9.6,33728,,,,,,,,,
9.7,33728,,,,,,,,,
9.8,33728,,,,,,,,,
9.9,33728,,,,,,,,,
10,33728,,,,,,,,,
10.1,33728,,,,,,,,,
10.2,33728,,,,,,,,,
10.3,33728,,,,,,,,,
10.4,33728,,,,,,,,,
10.5,33728,,,,,,,,,
10.6,39232,,,,,,,,,
10.7,39232,,,,,,,,,
10.8,39232,,,,,,,,,
10.9,39232,,,,,,,,,
11,39232,,,,,,,,,
11.1,39232,,,,,,,,,
11.2,39232,,,,,,,,,
11.3,39232,,,,,,,,,
11.4,39232,,,,,,,,,
11.5,39232,,,,,,,,,
11.6,38976,,,,,,,,,
11.7,38976,,,,,,,,,
11.8,38976,,,,,,,,,
11.9,38976,,,,,,,,,
12,38976,,,,,,,,,
12.1,38976,,,,,,,,,
12.2,38976,,,,,,,,,
12.3,38976,,,,,,,,,
12.4,38976,,,,,,,,,
12.5,38976,,,,,,,,,
12.6,39744,,,,,,,,,
12.7,39744,,,,,,,,,
12.8,39744,,,,,,,,,
12.9,39744,,,,,,,,,
13,39744,,,,,,,,,
13.1,39744,,,,,,,,,
13.2,39744,,,,,,,,,
13.3,39744,,,,,,,,,
13.4,39744,,,,,,,,,
13.5,39744,,,,,,,,,
13.6,39232,,,,,,,,,
13.7,39232,,,,,,,,,
13.8,39232,,,,,,,,,
13.9,39232,,,,,,,,,
14,39232,,,,,,,,,
14.1,39232,,,,,,,,,
14.2,39232,,,,,,,,,
14.3,39232,,,,,,,,,
14.4,39232,,,,,,,,,
14.5,39232,,,,,,,,,
14.6,36608,,,,,,,,,
14.7,36608,,,,,,,,,
14.8,36608,,,,,,,,,
14.9,36608,,,,,,,,,
15,36608,,,,,,,,,
15.1,36608,,,,,,,,,
15.2,36608,,,,,,,,,
15.3,36608,,,,,,,,,
15.4,36608,,,,,,,,,
15.5,36608,,,,,,,,,
15.6,23168,,,,,,,,,
15.7,23168,,,,,,,,,
15.8,23168,,,,,,,,,
15.9,23168,,,,,,,,,
16,23168,,,,,,,,,
16.1,23168,,,,,,,,,
16.2,23168,,,,,,,,,
16.3,23168,,,,,,,,,
16.4,23168,,,,,,,,,
16.5,23168,,,,,,,,,
16.6,10688,,,,,,,,,
16.7,10688,,,,,,,,,
16.8,10688,,,,,,,,,
16.9,10688,,,,,,,,,
17,10688,,,,,,,,,
17.1,10688,,,,,,,,,
17.2,10688,,,,,,,,,
17.3,10688,,,,,,,,,
17.4,10688,,,,,,,,,
17.5,10688,,,,,,,,,
17.6,6912,,,,,,,,,
17.7,6912,,,,,,,,,
17.8,6912,,,,,,,,,
17.9,6912,,,,,,,,,
18,6912,,,,,,,,,
18.1,6912,,,,,,,,,
18.2,6912,,,,,,,,,
18.3,6912,,,,,,,,,
18.4,6912,,,,,,,,,
18.5,6912,,,,,,,,,
18.6,6208,,,,,,,,,
18.7,6208,,,,,,,,,
18.8,6208,,,,,,,,,
18.9,6208,,,,,,,,,
19,6208,,,,,,,,,
19.1,6208,,,,,,,,,
19.2,6208,,,,,,,,,
19.3,6208,,,,,,,,,
19.4,6208,,,,,,,,,
19.5,6208,,,,,,,,,
19.6,5568,,,,,,,,,
19.7,5568,,,,,,,,,
19.8,5568,,,,,,,,,
19.9,5568,,,,,,,,,
20,5568,,,,,,,,,
20.1,5568,,,,,,,,,
20.2,5568,,,,,,,,,
20.3,5568,,,,,,,,,
20.4,5568,,,,,,,,,
20.5,5568,,,,,,,,,
20.6,5440,,,,,,,,,
20.7,5440,,,,,,,,,
20.8,5440,,,,,,,,,
20.9,5440,,,,,,,,,
21,5440,,,,,,,,,
21.1,5440,,,,,,,,,
21.2,5440,,,,,,,,,
21.3,5440,,,,,,,,,
21.4,5440,,,,,,,,,
21.5,5440,,,,,,,,,
21.6,6016,,,,,,,,,
21.7,6016,,,,,,,,,
21.8,6016,,,,,,,,,
21.9,6016,,,,,,,,,
22,6016,,,,,,,,,
22.1,6016,,,,,,,,,
22.2,6016,,,,,,,,,
22.3,6016,,,,,,,,,
22.4,6016,,,,,,,,,
22.5,6016,,,,,,,,,
22.6,6784,,,,,,,,,
22.7,6784,,,,,,,,,
22.8,6784,,,,,,,,,
22.9,6784,,,,,,,,,
23,6784,,,,,,,,,
23.1,6784,,,,,,,,,
23.2,6784,,,,,,,,,
23.3,6784,,,,,,,,,
23.4,6784,,,,,,,,,
23.5,6784,,,,,,,,,
23.6,9984,,,,,,,,,
23.7,9984,,,,,,,,,
23.8,9984,,,,,,,,,
23.9,9984,,,,,,,,,
24,9984,,,,,,,,,
24.1,9984,,,,,,,,,
24.2,9984,,,,,,,,,
24.3,9984,,,,,,,,,
24.4,9984,,,,,,,,,
24.5,9984,,,,,,,,,
24.6,26688,,,,,,,,,
24.7,26688,,,,,,,,,
24.8,26688,,,,,,,,,
24.9,26688,,,,,,,,,
25,26688,,,,,,,,,
25.1,26688,,,,,,,,,
25.2,26688,,,,,,,,,
25.3,26688,,,,,,,,,
25.4,26688,,,,,,,,,
25.5,26688,,,,,,,,,
25.6,37632,,,,,,,,,
25.7,37632,,,,,,,,,
25.8,37632,,,,,,,,,
25.9,37632,,,,,,,,,
26,37632,,,,,,,,,
26.1,37632,,,,,,,,,
26.2,37632,,,,,,,,,
26.3,37632,,,,,,,,,
26.4,37632,,,,,,,,,
26.5,37632,,,,,,,,,
26.6,41280,,,,,,,,,
26.7,41280,,,,,,,,,
26.8,41280,,,,,,,,,
26.9,41280,,,,,,,,,
27,41280,,,,,,,,,
27.1,41280,,,,,,,,,
27.2,41280,,,,,,,,,
27.3,41280,,,,,,,,,
27.4,41280,,,,,,,,,
27.5,41280,,,,,,,,,
27.6,41664,,,,,,,,,
27.7,41664,,,,,,,,,
27.8,41664,,,,,,,,,
27.9,41664,,,,,,,,,
28,41664,,,,,,,,,
28.1,41664,,,,,,,,,
28.2,41664,,,,,,,,,
28.3,41664,,,,,,,,,
28.4,41664,,,,,,,,,
28.5,41664,,,,,,,,,
28.6,41216,,,,,,,,,
28.7,41216,,,,,,,,,
28.8,41216,,,,,,,,,
28.9,41216,,,,,,,,,
29,41216,,,,,,,,,
29.1,41216,,,,,,,,,
29.2,41216,,,,,,,,,
29.3,41216,,,,,,,,,
29.4,41216,,,,,,,,,
29.5,41216,,,,,,,,,
29.6,38976,,,,,,,,,
29.7,38976,,,,,,,,,
29.8,38976,,,,,,,,,
29.9,38976,,,,,,,,,
30,38976,,,,,,,,,
30.1,38976,,,,,,,,,
30.2,38976,,,,,,,,,
30.3,38976,,,,,,,,,
30.4,38976,,,,,,,,,
30.5,38976,,,,,,,,,
30.6,30016,,,,,,,,,
30.7,30016,,,,,,,,,
30.8,30016,,,,,,,,,
30.9,30016,,,,,,,,,
31,30016,,,,,,,,,
31.1,30016,,,,,,,,,
31.2,30016,,,,,,,,,
31.3,30016,,,,,,,,,
31.4,30016,,,,,,,,,
31.5,30016,,,,,,,,,
31.6,13632,,,,,,,,,
31.7,13632,,,,,,,,,
31.8,13632,,,,,,,,,
31.9,13632,,,,,,,,,
32,13632,,,,,,,,,
32.1,13632,,,,,,,,,
32.2,13632,,,,,,,,,
32.3,13632,,,,,,,,,
32.4,13632,,,,,,,,,
32.5,13632,,,,,,,,,
32.6,7616,,,,,,,,,
32.7,7616,,,,,,,,,
32.8,7616,,,,,,,,,
32.9,7616,,,,,,,,,
33,7616,,,,,,,,,
33.1,7616,,,,,,,,,
33.2,7616,,,,,,,,,
33.3,7616,,,,,,,,,
33.4,7616,,,,,,,,,
33.5,7616,,,,,,,,,
33.6,6336,,,,,,,,,
33.7,6336,,,,,,,,,
33.8,6336,,,,,,,,,
33.9,6336,,,,,,,,,
34,6336,,,,,,,,,
34.1,6336,,,,,,,,,
34.2,6336,,,,,,,,,
34.3,6336,,,,,,,,,
34.4,6336,,,,,,,,,
34.5,6336,,,,,,,,,
34.6,5888,,,,,,,,,
34.7,5888,,,,,,,,,
34.8,5888,,,,,,,,,
34.9,5888,,,,,,,,,
35,5888,,,,,,,,,
35.1,5888,,,,,,,,,
35.2,5888,,,,,,,,,
35.3,5888,,,,,,,,,
35.4,5888,,,,,,,,,
35.5,5888,,,,,,,,,
35.6,6080,,,,,,,,,
35.7,6080,,,,,,,,,
35.8,6080,,,,,,,,,
35.9,6080,,,,,,,,,
36,6080,,,,,,,,,
36.1,6080,,,,,,,,,
36.2,6080,,,,,,,,,
36.3,6080,,,,,,,,,
36.4,6080,,,,,,,,,
36.5,6080,,,,,,,,,
36.6,7360,,,,,,,,,
36.7,7360,,,,,,,,,
36.8,7360,,,,,,,,,
36.9,7360,,,,,,,,,
37,7360,,,,,,,,,
37.1,7360,,,,,,,,,
37.2,7360,,,,,,,,,
37.3,7360,,,,,,,,,
37.4,7360,,,,,,,,,
37.5,7360,,,,,,,,,
37.6,10432,,,,,,,,,
37.7,10432,,,,,,,,,
37.8,10432,,,,,,,,,
37.9,10432,,,,,,,,,
38,10432,,,,,,,,,
38.1,10432,,,,,,,,,
38.2,10432,,,,,,,,,
38.3,10432,,,,,,,,,
38.4,10432,,,,,,,,,
38.5,10432,,,,,,,,,
38.6,24704,,,,,,,,,
38.7,24704,,,,,,,,,
38.8,24704,,,,,,,,,
38.9,24704,,,,,,,,,
39,24704,,,,,,,,,
39.1,24704,,,,,,,,,
39.2,24704,,,,,,,,,
39.3,24704,,,,,,,,,
39.4,24704,,,,,,,,,
39.5,24704,,,,,,,,,
39.6,38592,,,,,,,,,
39.7,38592,,,,,,,,,
39.8,38592,,,,,,,,,
39.9,38592,,,,,,,,,
40,38592,,,,,,,,,
40.1,38592,,,,,,,,,
40.2,38592,,,,,,,,,
40.3,38592,,,,,,,,,
40.4,38592,,,,,,,,,
40.5,38592,,,,,,,,,
40.6,41344,,,,,,,,,
40.7,41344,,,,,,,,,
40.8,41344,,,,,,,,,
40.9,41344,,,,,,,,,
41,41344,,,,,,,,,
41.1,41344,,,,,,,,,
41.2,41344,,,,,,,,,
41.3,41344,,,,,,,,,
41.4,41344,,,,,,,,,
41.5,41344,,,,,,,,,
41.6,42944,,,,,,,,,
41.7,42944,,,,,,,,,
41.8,42944,,,,,,,,,
41.9,42944,,,,,,,,,
42,42944,,,,,,,,,
42.1,42944,,,,,,,,,
42.2,42944,,,,,,,,,
42.3,42944,,,,,,,,,
42.4,42944,,,,,,,,,
42.5,42944,,,,,,,,,
42.6,43392,,,,,,,,,
42.7,43392,,,,,,,,,
42.8,43392,,,,,,,,,
42.9,43392,,,,,,,,,
43,43392,,,,,,,,,
43.1,43392,,,,,,,,,
43.2,43392,,,,,,,,,
43.3,43392,,,,,,,,,
43.4,43392,,,,,,,,,
43.5,43392,,,,,,,,,
43.6,44160,,,,,,,,,
43.7,44160,,,,,,,,,
43.8,44160,,,,,,,,,
43.9,44160,,,,,,,,,
44,44160,,,,,,,,,
44.1,44160,,,,,,,,,
44.2,44160,,,,,,,,,
44.3,44160,,,,,,,,,
44.4,44160,,,,,,,,,
44.5,44160,,,,,,,,,
44.6,44032,,,,,,,,,
44.7,44032,,,,,,,,,
44.8,44032,,,,,,,,,
44.9,44032,,,,,,,,,
45,44032,,,,,,,,,
45.1,44032,,,,,,,,,
45.2,44032,,,,,,,,,
45.3,44032,,,,,,,,,
45.4,44032,,,,,,,,,
45.5,44032,,,,,,,,,
45.6,43776,,,,,,,,,
45.7,43776,,,,,,,,,
45.8,43776,,,,,,,,,
45.9,43776,,,,,,,,,
46,43776,,,,,,,,,
46.1,43776,,,,,,,,,
46.2,43776,,,,,,,,,
46.3,43776,,,,,,,,,
46.4,43776,,,,,,,,,
46.5,43776,,,,,,,,,
46.6,43200,,,,,,,,,
46.7,44416,,,,,,,,,
46.8,44416,,,,,,,,,
46.9,44416,,,,,,,,,
47,44416,,,,,,,,,
47.1,44416,,,,,,,,,
47.2,44416,,,,,,,,,
47.3,44416,,,,,,,,,
47.4,44416,,,,,,,,,
47.5,44416,,,,,,,,,
47.6,43136,,,,,,,,,
47.7,43136,,,,,,,,,
47.8,43136,,,,,,,,,
47.9,43136,,,,,,,,,
48,43136,,,,,,,,,
48.1,43136,,,,,,,,,
48.2,43136,,,,,,,,,
48.3,43136,,,,,,,,,
48.4,43136,,,,,,,,,
48.5,43136,,,,,,,,,
48.6,44928,,,,,,,,,
48.7,44928,,,,,,,,,
48.8,44928,,,,,,,,,
48.9,44928,,,,,,,,,
49,44928,,,,,,,,,
49.1,44928,,,,,,,,,
49.2,44928,,,,,,,,,
49.3,44928,,,,,,,,,
49.4,44928,,,,,,,,,
49.5,44928,,,,,,,,,
49.6,44032,,,,,,,,,
49.7,44032,,,,,,,,,
49.8,44032,,,,,,,,,
49.9,44032,,,,,,,,,
50,44032,,,,,,,,,
50.1,44032,,,,,,,,,
50.2,44032,,,,,,,,,
50.3,44032,,,,,,,,,
50.4,44032,,,,,,,,,
50.5,44032,,,,,,,,,
50.6,43712,,,,,,,,,
50.7,43712,,,,,,,,,
50.8,43712,,,,,,,,,
50.9,43712,,,,,,,,,
51,43712,,,,,,,,,
51.1,43712,,,,,,,,,
51.2,43712,,,,,,,,,
51.3,43712,,,,,,,,,
51.4,43712,,,,,,,,,
51.5,43712,,,,,,,,,
51.6,44928,,,,,,,,,
51.7,44928,,,,,,,,,
51.8,44928,,,,,,,,,
51.9,44928,,,,,,,,,
52,44928,,,,,,,,,
52.1,44928,,,,,,,,,
52.2,44928,,,,,,,,,
52.3,44928,,,,,,,,,
52.4,44928,,,,,,,,,
52.5,44928,,,,,,,,,
52.6,43584,,,,,,,,,
52.7,43584,,,,,,,,,
52.8,43584,,,,,,,,,
52.9,43584,,,,,,,,,
53,43584,,,,,,,,,
53.1,43584,,,,,,,,,
53.2,43584,,,,,,,,,
53.3,43584,,,,,,,,,
53.4,43584,,,,,,,,,
53.5,43584,,,,,,,,,
53.6,44672,,,,,,,,,
53.7,44672,,,,,,,,,
53.8,44672,,,,,,,,,
53.9,44672,,,,,,,,,
54,44672,,,,,,,,,
54.1,44672,,,,,,,,,
54.2,44672,,,,,,,,,
54.3,44672,,,,,,,,,
54.4,44672,,,,,,,,,
54.5,44672,,,,,,,,,
54.6,45440,,,,,,,,,
54.7,45440,,,,,,,,,
54.8,45440,,,,,,,,,
54.9,45440,,,,,,,,,
55,45440,,,,,,,,,
55.1,45440,,,,,,,,,
55.2,45440,,,,,,,,,
55.3,45440,,,,,,,,,
55.4,45440,,,,,,,,,
55.5,45440,,,,,,,,,
55.6,44480,,,,,,,,,
55.7,44480,,,,,,,,,
55.8,44480,,,,,,,,,
55.9,44480,,,,,,,,,
56,44480,,,,,,,,,
56.1,44480,,,,,,,,,
56.2,44480,,,,,,,,,
56.3,44480,,,,,,,,,
56.4,44480,,,,,,,,,
56.5,44480,,,,,,,,,
56.6,45376,,,,,,,,,
56.7,45376,,,,,,,,,
56.8,45376,,,,,,,,,
56.9,45376,,,,,,,,,
57,45376,,,,,,,,,
57.1,45376,,,,,,,,,
57.2,45376,,,,,,,,,
57.3,45376,,,,,,,,,
57.4,45376,,,,,,,,,
57.5,45376,,,,,,,,,
57.6,44096,,,,,,,,,
57.7,44096,,,,,,,,,
57.8,44096,,,,,,,,,
57.9,44096,,,,,,,,,
58,44096,,,,,,,,,
58.1,44096,,,,,,,,,
58.2,44096,,,,,,,,,
58.3,44096,,,,,,,,,
58.4,44096,,,,,,,,,
58.5,44096,,,,,,,,,
58.6,44032,,,,,,,,,
58.7,44032,,,,,,,,,
58.8,44032,,,,,,,,,
58.9,44032,,,,,,,,,
59,44032,,,,,,,,,
59.1,44032,,,,,,,,,
59.2,44032,,,,,,,,,
59.3,44032,,,,,,,,,
59.4,44032,,,,,,,,,
59.5,44032,,,,,,,,,
59.6,44352,,,,,,,,,
59.7,44352,,,,,,,,,
59.8,44352,,,,,,,,,
59.9,44352,,,,,,,,,
60,44352,,,,,,,,,
60.1,44352,,,,,,,,,
60.2,44352,,,,,,,,,
60.3,44352,,,,,,,,,
60.4,44352,,,,,,,,,
60.5,44352,,,,,,,,,
60.6,44864,,,,,,,,,
60.7,44864,,,,,,,,,
60.8,44864,,,,,,,,,
60.9,44864,,,,,,,,,
61,44864,,,,,,,,,
61.1,44864,,,,,,,,,
61.2,44864,,,,,,,,,
61.3,44864,,,,,,,,,
61.4,44864,,,,,,,,,
61.5,44864,,,,,,,,,
61.6,43584,,,,,,,,,
61.7,43584,,,,,,,,,
61.8,43584,,,,,,,,,
61.9,43584,,,,,,,,,
62,43584,,,,,,,,,
62.1,43584,,,,,,,,,
62.2,43584,,,,,,,,,
62.3,43584,,,,,,,,,
62.4,43584,,,,,,,,,
62.5,43584,,,,,,,,,
62.6,43904,,,,,,,,,
62.7,43904,,,,,,,,,
62.8,43904,,,,,,,,,
62.9,43904,,,,,,,,,
63,43904,,,,,,,,,
63.1,43904,,,,,,,,,
63.2,43904,,,,,,,,,
63.3,43904,,,,,,,,,
63.4,43904,,,,,,,,,
63.5,43904,,,,,,,,,
63.6,44352,,,,,,,,,
63.7,44352,,,,,,,,,
63.8,44352,,,,,,,,,
63.9,44352,,,,,,,,,
64,44352,,,,,,,,,
64.1,44352,,,,,,,,,
64.2,44352,,,,,,,,,
64.3,44352,,,,,,,,,
64.4,44352,,,,,,,,,
64.5,44352,,,,,,,,,
64.6,44992,,,,,,,,,
64.7,44992,,,,,,,,,
64.8,44992,,,,,,,,,
64.9,44992,,,,,,,,,
65,44992,,,,,,,,,
65.1,44992,,,,,,,,,
65.2,44992,,,,,,,,,
65.3,44992,,,,,,,,,
65.4,44992,,,,,,,,,
65.5,44992,,,,,,,,,
65.6,43968,,,,,,,,,
65.7,43968,,,,,,,,,
65.8,43968,,,,,,,,,
65.9,43968,,,,,,,,,
66,43968,,,,,,,,,
66.1,43968,,,,,,,,,
66.2,43968,,,,,,,,,
66.3,43968,,,,,,,,,
66.4,43968,,,,,,,,,
66.5,43968,,,,,,,,,
66.6,44800,,,,,,,,,
66.7,44800,,,,,,,,,
66.8,44800,,,,,,,,,
66.9,44800,,,,,,,,,
67,44800,,,,,,,,,
67.1,44800,,,,,,,,,
67.2,44800,,,,,,,,,
67.3,44800,,,,,,,,,
67.4,44800,,,,,,,,,
67.5,44800,,,,,,,,,
67.6,44544,,,,,,,,,
67.7,44544,,,,,,,,,
67.8,44544,,,,,,,,,
67.9,44544,,,,,,,,,
68,44544,,,,,,,,,
68.1,44544,,,,,,,,,
68.2,44544,,,,,,,,,
68.3,44544,,,,,,,,,
68.4,44544,,,,,,,,,
68.5,44544,,,,,,,,,
68.6,44672,,,,,,,,,
68.7,44672,,,,,,,,,
68.8,44672,,,,,,,,,
68.9,44672,,,,,,,,,
69,44672,,,,,,,,,
69.1,44672,,,,,,,,,
69.2,44672,,,,,,,,,
69.3,44672,,,,,,,,,
69.4,44672,,,,,,,,,
69.5,44672,,,,,,,,,
69.6,43904,,,,,,,,,
69.7,43904,,,,,,,,,
69.8,43904,,,,,,,,,
69.9,43904,,,,,,,,,
70,43904,,,,,,,,,
70.1,43904,,,,,,,,,
70.2,43904,,,,,,,,,
70.3,43904,,,,,,,,,
70.4,43904,,,,,,,,,
70.5,43904,,,,,,,,,
70.6,44096,,,,,,,,,
70.7,44096,,,,,,,,,
70.8,44096,,,,,,,,,
70.9,44096,,,,,,,,,
71,44096,,,,,,,,,
71.1,44096,,,,,,,,,
71.2,44096,,,,,,,,,
71.3,44096,,,,,,,,,
71.4,44096,,,,,,,,,
71.5,44096,,,,,,,,,
71.6,43392,,,,,,,,,
71.7,43392,,,,,,,,,
71.8,43392,,,,,,,,,
71.9,43392,,,,,,,,,
72,43392,,,,,,,,,
72.1,43392,,,,,,,,,
72.2,43392,,,,,,,,,
72.3,43392,,,,,,,,,
72.4,43392,,,,,,,,,
72.5,43392,,,,,,,,,
72.6,40640,,,,,,,,,
72.7,40640,,,,,,,,,
72.8,40640,,,,,,,,,
72.9,40640,,,,,,,,,
73,40640,,,,,,,,,
73.1,40640,,,,,,,,,
73.2,40640,,,,,,,,,
73.3,40640,,,,,,,,,
73.4,40640,,,,,,,,,
73.5,40640,,,,,,,,,
73.6,29440,,,,,,,,,
73.7,29440,,,,,,,,,
73.8,29440,,,,,,,,,
73.9,29440,,,,,,,,,
74,29440,,,,,,,,,
74.1,29440,,,,,,,,,
74.2,29440,,,,,,,,,
74.3,29440,,,,,,,,,
74.4,29440,,,,,,,,,
74.5,29440,,,,,,,,,
74.6,12800,,,,,,,,,
74.7,12800,,,,,,,,,
74.8,12800,,,,,,,,,
74.9,12800,,,,,,,,,
75,12800,,,,,,,,,
75.1,12800,,,,,,,,,
75.2,12800,,,,,,,,,
75.3,12800,,,,,,,,,
75.4,12800,,,,,,,,,
75.5,12800,,,,,,,,,
75.6,9536,,,,,,,,,
75.7,9536,,,,,,,,,
75.8,9536,,,,,,,,,
75.9,9536,,,,,,,,,
76,9536,,,,,,,,,
76.1,9536,,,,,,,,,
76.2,9536,,,,,,,,,
76.3,9536,,,,,,,,,
76.4,9536,,,,,,,,,
76.5,9536,,,,,,,,,
76.6,8256,,,,,,,,,
76.7,8256,,,,,,,,,
76.8,8256,,,,,,,,,
76.9,8256,,,,,,,,,
77,8256,,,,,,,,,
77.1,8256,,,,,,,,,
77.2,8256,,,,,,,,,
77.3,8256,,,,,,,,,
77.4,8256,,,,,,,,,
77.5,8256,,,,,,,,,
77.6,8704,,,,,,,,,
77.7,8704,,,,,,,,,
77.8,8704,,,,,,,,,
77.9,8704,,,,,,,,,
78,8704,,,,,,,,,
78.1,8704,,,,,,,,,
78.2,8704,,,,,,,,,
78.3,8704,,,,,,,,,
78.4,8704,,,,,,,,,
78.5,8704,,,,,,,,,
78.6,11712,,,,,,,,,
78.7,11712,,,,,,,,,
78.8,11712,,,,,,,,,
78.9,11712,,,,,,,,,
79,11712,,,,,,,,,
79.1,11712,,,,,,,,,
79.2,11712,,,,,,,,,
79.3,11712,,,,,,,,,
79.4,11712,,,,,,,,,
79.5,11712,,,,,,,,,
79.6,29440,,,,,,,,,
79.7,29440,,,,,,,,,
79.8,29440,,,,,,,,,
79.9,29440,,,,,,,,,
80,29440,,,,,,,,,
80.1,29440,,,,,,,,,
80.2,29440,,,,,,,,,
80.3,29440,,,,,,,,,
80.4,29440,,,,,,,,,
80.5,29440,,,,,,,,,
80.6,39296,,,,,,,,,
80.7,39296,,,,,,,,,
80.8,39296,,,,,,,,,
80.9,39296,,,,,,,,,
81,39296,,,,,,,,,
81.1,39296,,,,,,,,,
81.2,39296,,,,,,,,,
81.3,39296,,,,,,,,,
81.4,39296,,,,,,,,,
81.5,39296,,,,,,,,,
81.6,42688,,,,,,,,,
81.7,42688,,,,,,,,,
81.8,42688,,,,,,,,,
81.9,42688,,,,,,,,,
82,42688,,,,,,,,,
82.1,42688,,,,,,,,,
82.2,42688,,,,,,,,,
82.3,42688,,,,,,,,,
82.4,42688,,,,,,,,,
82.5,42688,,,,,,,,,
82.6,42496,,,,,,,,,
82.7,42496,,,,,,,,,
82.8,42496,,,,,,,,,
82.9,42496,,,,,,,,,
83,42496,,,,,,,,,
83.1,42496,,,,,,,,,
83.2,42496,,,,,,,,,
83.3,42496,,,,,,,,,
83.4,42496,,,,,,,,,
83.5,42496,,,,,,,,,
83.6,38016,,,,,,,,,
83.7,38016,,,,,,,,,
83.8,38016,,,,,,,,,
83.9,38016,,,,,,,,,
84,38016,,,,,,,,,
84.1,38016,,,,,,,,,
84.2,38016,,,,,,,,,
84.3,38016,,,,,,,,,
84.4,38016,,,,,,,,,
84.5,38016,,,,,,,,,
84.6,18176,,,,,,,,,
84.7,18176,,,,,,,,,
84.8,18176,,,,,,,,,
84.9,18176,,,,,,,,,
85,18176,,,,,,,,,
85.1,18176,,,,,,,,,
85.2,18176,,,,,,,,,
85.3,18176,,,,,,,,,
85.4,18176,,,,,,,,,
85.5,18176,,,,,,,,,
85.6,9280,,,,,,,,,
85.7,9280,,,,,,,,,
85.8,9280,,,,,,,,,
85.9,9280,,,,,,,,,
86,9280,,,,,,,,,
86.1,9280,,,,,,,,,
86.2,9280,,,,,,,,,
86.3,9280,,,,,,,,,
86.4,9280,,,,,,,,,
86.5,9280,,,,,,,,,
86.6,8192,,,,,,,,,
86.7,8192,,,,,,,,,
86.8,8192,,,,,,,,,
86.9,8192,,,,,,,,,
87,8192,,,,,,,,,
87.1,8192,,,,,,,,,
87.2,8192,,,,,,,,,
87.3,8192,,,,,,,,,
87.4,8192,,,,,,,,,
87.5,8192,,,,,,,,,
87.6,8384,,,,,,,,,
87.7,8384,,,,,,,,,
87.8,8384,,,,,,,,,
87.9,8384,,,,,,,,,
88,8384,,,,,,,,,
88.1,8384,,,,,,,,,
88.2,8384,,,,,,,,,
88.3,8384,,,,,,,,,
88.4,8384,,,,,,,,,
88.5,8384,,,,,,,,,
88.6,11456,,,,,,,,,
88.7,11456,,,,,,,,,
88.8,11456,,,,,,,,,
88.9,11456,,,,,,,,,
89,11456,,,,,,,,,
89.1,11456,,,,,,,,,
89.2,11456,,,,,,,,,
89.3,11456,,,,,,,,,
89.4,11456,,,,,,,,,
89.5,11456,,,,,,,,,
89.6,24704,,,,,,,,,
89.7,24704,,,,,,,,,
89.8,24704,,,,,,,,,
89.9,24704,,,,,,,,,
90,24704,,,,,,,,,
90.1,24704,,,,,,,,,
90.2,24704,,,,,,,,,
90.3,24704,,,,,,,,,
90.4,24704,,,,,,,,,
90.5,24704,,,,,,,,,
90.6,38784,,,,,,,,,
90.7,38784,,,,,,,,,
90.8,38784,,,,,,,,,
90.9,38784,,,,,,,,,
91,38784,,,,,,,,,
91.1,38784,,,,,,,,,
91.2,38784,,,,,,,,,
91.3,38784,,,,,,,,,
91.4,38784,,,,,,,,,
91.5,38784,,,,,,,,,
91.6,42304,,,,,,,,,
91.7,42304,,,,,,,,,
91.8,42304,,,,,,,,,
91.9,42304,,,,,,,,,
92,42304,,,,,,,,,
92.1,42304,,,,,,,,,
92.2,42304,,,,,,,,,
92.3,42304,,,,,,,,,
92.4,42304,,,,,,,,,
92.5,42304,,,,,,,,,
92.6,42176,,,,,,,,,
92.7,42176,,,,,,,,,
92.8,42176,,,,,,,,,
92.9,42176,,,,,,,,,
93,42176,,,,,,,,,
93.1,42176,,,,,,,,,
93.2,42176,,,,,,,,,
93.3,42176,,,,,,,,,
93.4,42176,,,,,,,,,
93.5,42176,,,,,,,,,
93.6,39360,,,,,,,,,
93.7,39360,,,,,,,,,
93.8,39360,,,,,,,,,
93.9,39360,,,,,,,,,
94,39360,,,,,,,,,
94.1,39360,,,,,,,,,
94.2,39360,,,,,,,,,
94.3,39360,,,,,,,,,
94.4,39360,,,,,,,,,
94.5,39360,,,,,,,,,
94.6,20928,,,,,,,,,
94.7,20928,,,,,,,,,
94.8,20928,,,,,,,,,
94.9,20928,,,,,,,,,
95,20928,,,,,,,,,
95.1,20928,,,,,,,,,
95.2,20928,,,,,,,,,
95.3,20928,,,,,,,,,
95.4,20928,,,,,,,,,
95.5,20928,,,,,,,,,
95.6,9920,,,,,,,,,
95.7,9920,,,,,,,,,
95.8,9920,,,,,,,,,
95.9,9920,,,,,,,,,
96,9920,,,,,,,,,
96.1,9920,,,,,,,,,
96.2,9920,,,,,,,,,
96.3,9920,,,,,,,,,
96.4,9920,,,,,,,,,
96.5,9920,,,,,,,,,
96.6,7872,,,,,,,,,
96.7,7872,,,,,,,,,
96.8,7872,,,,,,,,,
96.9,7872,,,,,,,,,
97,7872,,,,,,,,,
97.1,7872,,,,,,,,,
97.2,7872,,,,,,,,,
97.3,7872,,,,,,,,,
97.4,7872,,,,,,,,,
97.5,7872,,,,,,,,,
97.6,7808,,,,,,,,,
97.7,7808,,,,,,,,,
97.8,7808,,,,,,,,,
97.9,7808,,,,,,,,,
98,7808,,,,,,,,,
98.1,7808,,,,,,,,,
98.2,7808,,,,,,,,,
98.3,7808,,,,,,,,,
98.4,7808,,,,,,,,,
98.5,7808,,,,,,,,,
98.6,8448,,,,,,,,,
98.7,8448,,,,,,,,,
98.8,8448,,,,,,,,,
98.9,8448,,,,,,,,,
99,8448,,,,,,,,,
99.1,8448,,,,,,,,,
99.2,8448,,,,,,,,,
99.3,8448,,,,,,,,,
99.4,8448,,,,,,,,,
99.5,8448,,,,,,,,,
99.6,11136,,,,,,,,,
99.7,11136,,,,,,,,,
99.8,11136,,,,,,,,,
99.9,11136,,,,,,,,,
100,11136,,,,,,,,,
100.1,11136,,,,,,,,,
100.2,11136,,,,,,,,,
100.3,11136,,,,,,,,,
100.4,11136,,,,,,,,,
100.5,11136,,,,,,,,,
100.6,24384,,,,,,,,,
100.7,24384,,,,,,,,,
100.8,24384,,,,,,,,,
100.9,24384,,,,,,,,,
101,24384,,,,,,,,,
101.1,24384,,,,,,,,,
101.2,24384,,,,,,,,,
101.3,24384,,,,,,,,,
101.4,24384,,,,,,,,,
101.5,24384,,,,,,,,,
101.6,39808,,,,,,,,,
101.7,39808,,,,,,,,,
101.8,39808,,,,,,,,,
101.9,39808,,,,,,,,,
102,39808,,,,,,,,,
102.1,39808,,,,,,,,,
102.2,39808,,,,,,,,,
102.3,39808,,,,,,,,,
102.4,39808,,,,,,,,,
102.5,39808,,,,,,,,,
102.6,43520,,,,,,,,,
102.7,43520,,,,,,,,,
102.8,43520,,,,,,,,,
102.9,43520,,,,,,,,,
103,43520,,,,,,,,,
103.1,43520,,,,,,,,,
103.2,43520,,,,,,,,,
103.3,43520,,,,,,,,,
103.4,43520,,,,,,,,,
103.5,43520,,,,,,,,,
103.6,44352,,,,,,,,,
103.7,44352,,,,,,,,,
103.8,44352,,,,,,,,,
103.9,44352,,,,,,,,,
104,44352,,,,,,,,,
104.1,44352,,,,,,,,,
104.2,44352,,,,,,,,,
104.3,44352,,,,,,,,,
104.4,44352,,,,,,,,,
104.5,44352,,,,,,,,,
104.6,44864,,,,,,,,,
104.7,44864,,,,,,,,,
104.8,44864,,,,,,,,,
104.9,44864,,,,,,,,,
105,44864,,,,,,,,,
105.1,44864,,,,,,,,,
105.2,44864,,,,,,,,,
105.3,44864,,,,,,,,,
105.4,44864,,,,,,,,,
105.5,44864,,,,,,,,,
105.6,44672,,,,,,,,,
105.7,44672,,,,,,,,,
105.8,44672,,,,,,,,,
105.9,44672,,,,,,,,,
106,44672,,,,,,,,,
106.1,44672,,,,,,,,,
106.2,44672,,,,,,,,,
106.3,44672,,,,,,,,,
106.4,44672,,,,,,,,,
106.5,44672,,,,,,,,,
106.6,43776,,,,,,,,,
106.7,43776,,,,,,,,,
106.8,43776,,,,,,,,,
106.9,43776,,,,,,,,,
107,43776,,,,,,,,,
107.1,43776,,,,,,,,,
107.2,43776,,,,,,,,,
107.3,43776,,,,,,,,,
107.4,43776,,,,,,,,,
107.5,43776,,,,,,,,,
107.6,42240,,,,,,,,,
107.7,42240,,,,,,,,,
107.8,42240,,,,,,,,,
107.9,42240,,,,,,,,,
108,42240,,,,,,,,,
108.1,42240,,,,,,,,,
108.2,42240,,,,,,,,,
108.3,42240,,,,,,,,,
108.4,42240,,,,,,,,,
108.5,42240,,,,,,,,,
108.6,41344,,,,,,,,,
108.7,41344,,,,,,,,,
108.8,41344,,,,,,,,,
108.9,41344,,,,,,,,,
109,41344,,,,,,,,,
109.1,41344,,,,,,,,,
109.2,41344,,,,,,,,,
109.3,41344,,,,,,,,,
109.4,41344,,,,,,,,,
109.5,41344,,,,,,,,,
109.6,43264,,,,,,,,,
109.7,43264,,,,,,,,,
109.8,43264,,,,,,,,,
109.9,43264,,,,,,,,,
110,43264,,,,,,,,,
110.1,43264,,,,,,,,,
110.2,43264,,,,,,,,,
110.3,43264,,,,,,,,,
110.4,43264,,,,,,,,,
110.5,43264,,,,,,,,,
110.6,43136,,,,,,,,,
110.7,43136,,,,,,,,,
110.8,43136,,,,,,,,,
110.9,43136,,,,,,,,,
111,43136,,,,,,,,,
111.1,43136,,,,,,,,,
111.2,43136,,,,,,,,,
111.3,43136,,,,,,,,,
111.4,43136,,,,,,,,,
111.5,43136,,,,,,,,,
111.6,45184,,,,,,,,,
111.7,45184,,,,,,,,,
111.8,45184,,,,,,,,,
111.9,45184,,,,,,,,,
112,45184,,,,,,,,,
112.1,45184,,,,,,,,,
112.2,45184,,,,,,,,,
112.3,45184,,,,,,,,,
112.4,45184,,,,,,,,,
112.5,45184,,,,,,,,,
112.6,45632,,,,,,,,,
112.7,45632,,,,,,,,,
112.8,45632,,,,,,,,,
112.9,45632,,,,,,,,,
113,45632,,,,,,,,,
113.1,45632,,,,,,,,,
113.2,45632,,,,,,,,,
113.3,45632,,,,,,,,,
113.4,45632,,,,,,,,,
113.5,45632,,,,,,,,,
113.6,45248,,,,,,,,,
113.7,45248,,,,,,,,,
113.8,45248,,,,,,,,,
113.9,45248,,,,,,,,,
114,45248,,,,,,,,,
114.1,45248,,,,,,,,,
114.2,45248,,,,,,,,,
114.3,45248,,,,,,,,,
114.4,45248,,,,,,,,,
114.5,45248,,,,,,,,,
114.6,44992,,,,,,,,,
114.7,44992,,,,,,,,,
114.8,44992,,,,,,,,,
114.9,44992,,,,,,,,,
115,44992,,,,,,,,,
115.1,44992,,,,,,,,,
115.2,44992,,,,,,,,,
115.3,44992,,,,,,,,,
115.4,44992,,,,,,,,,
115.5,44992,,,,,,,,,
115.6,45312,,,,,,,,,
115.7,45312,,,,,,,,,
115.8,45312,,,,,,,,,
115.9,45312,,,,,,,,,
116,45312,,,,,,,,,
116.1,45312,,,,,,,,,
116.2,45312,,,,,,,,,
116.3,45312,,,,,,,,,
116.4,45312,,,,,,,,,
116.5,45312,,,,,,,,,
116.6,44864,,,,,,,,,
116.7,44864,,,,,,,,,
116.8,44864,,,,,,,,,
116.9,44864,,,,,,,,,
117,44864,,,,,,,,,
117.1,44864,,,,,,,,,
117.2,44864,,,,,,,,,
117.3,44864,,,,,,,,,
117.4,44864,,,,,,,,,
117.5,44864,,,,,,,,,
117.6,45312,,,,,,,,,
117.7,45312,,,,,,,,,
117.8,45312,,,,,,,,,
117.9,45312,,,,,,,,,
118,45312,,,,,,,,,
118.1,45312,,,,,,,,,
118.2,45312,,,,,,,,,
118.3,45312,,,,,,,,,
118.4,45312,,,,,,,,,
118.5,45312,,,,,,,,,
118.6,45248,,,,,,,,,
118.7,45248,,,,,,,,,
118.8,45248,,,,,,,,,
118.9,45248,,,,,,,,,
119,45248,,,,,,,,,
119.1,45248,,,,,,,,,
119.2,45248,,,,,,,,,
119.3,45248,,,,,,,,,
119.4,45248,,,,,,,,,
119.5,45248,,,,,,,,,
119.6,45504,,,,,,,,,
119.7,45504,,,,,,,,,
119.8,45504,,,,,,,,,
119.9,45504,,,,,,,,,
120,45504,,,,,,,,,
120.1,45504,,,,,,,,,
120.2,45504,,,,,,,,,
120.3,45504,,,,,,,,,
120.4,45504,,,,,,,,,
120.5,45504,,,,,,,,,
120.6,45184,,,,,,,,,
120.7,45184,,,,,,,,,
120.8,45184,,,,,,,,,
120.9,45184,,,,,,,,,
121,45184,,,,,,,,,
121.1,45184,,,,,,,,,
121.2,45184,,,,,,,,,
121.3,45184,,,,,,,,,
121.4,45184,,,,,,,,,
121.5,45184,,,,,,,,,
121.6,45568,,,,,,,,,
121.7,45568,,,,,,,,,
121.8,45568,,,,,,,,,
121.9,45504,,,,,,,,,
122,45504,,,,,,,,,
122.1,45504,,,,,,,,,
122.2,45504,,,,,,,,,
122.3,45504,,,,,,,,,
122.4,45504,,,,,,,,,
122.5,45504,,,,,,,,,
122.6,46784,,,,,,,,,
122.7,46784,,,,,,,,,
122.8,46784,,,,,,,,,
122.9,46784,,,,,,,,,
123,46784,,,,,,,,,
123.1,46784,,,,,,,,,
123.2,46784,,,,,,,,,
123.3,46784,,,,,,,,,
123.4,46784,,,,,,,,,
123.5,46784,,,,,,,,,
123.6,46144,,,,,,,,,
123.7,46144,,,,,,,,,
123.8,46144,,,,,,,,,
123.9,46144,,,,,,,,,
124,46144,,,,,,,,,
124.1,46144,,,,,,,,,
124.2,46144,,,,,,,,,
124.3,46144,,,,,,,,,
124.4,46144,,,,,,,,,
124.5,46144,,,,,,,,,
124.6,46208,,,,,,,,,
124.7,46208,,,,,,,,,
124.8,46208,,,,,,,,,
124.9,46208,,,,,,,,,
125,46208,,,,,,,,,
125.1,46208,,,,,,,,,
125.2,46208,,,,,,,,,
125.3,46208,,,,,,,,,
125.4,46208,,,,,,,,,
125.5,46208,,,,,,,,,
125.6,47104,,,,,,,,,
125.7,47104,,,,,,,,,
125.8,47104,,,,,,,,,
125.9,47104,,,,,,,,,
126,47104,,,,,,,,,
126.1,47104,,,,,,,,,
126.2,47104,,,,,,,,,
126.3,47104,,,,,,,,,
126.4,47104,,,,,,,,,
126.5,47104,,,,,,,,,
126.6,45504,,,,,,,,,
126.7,45504,,,,,,,,,
126.8,45504,,,,,,,,,
126.9,45504,,,,,,,,,
127,45504,,,,,,,,,
127.1,45504,,,,,,,,,
127.2,45504,,,,,,,,,
127.3,45504,,,,,,,,,
127.4,45504,,,,,,,,,
127.5,45504,,,,,,,,,
127.6,46016,,,,,,,,,
127.7,46016,,,,,,,,,
127.8,46016,,,,,,,,,
127.9,46016,,,,,,,,,
128,46016,,,,,,,,,
128.1,46016,,,,,,,,,
128.2,46016,,,,,,,,,
128.3,46016,,,,,,,,,
128.4,46016,,,,,,,,,
128.5,46016,,,,,,,,,
128.6,45376,,,,,,,,,
128.7,45376,,,,,,,,,
128.8,45376,,,,,,,,,
128.9,45376,,,,,,,,,
129,45376,,,,,,,,,
129.1,45376,,,,,,,,,
129.2,45376,,,,,,,,,
129.3,45376,,,,,,,,,
129.4,45376,,,,,,,,,
129.5,45376,,,,,,,,,
129.6,46144,,,,,,,,,
129.7,46144,,,,,,,,,
129.8,46144,,,,,,,,,
129.9,46144,,,,,,,,,
130,46144,,,,,,,,,
130.1,46144,,,,,,,,,
130.2,46144,,,,,,,,,
130.3,46144,,,,,,,,,
130.4,46144,,,,,,,,,
130.5,46144,,,,,,,,,
130.6,44864,,,,,,,,,
130.7,44864,,,,,,,,,
130.8,44864,,,,,,,,,
130.9,44864,,,,,,,,,
131,44864,,,,,,,,,
131.1,44864,,,,,,,,,
131.2,44864,,,,,,,,,
131.3,44864,,,,,,,,,
131.4,44864,,,,,,,,,
131.5,44864,,,,,,,,,
131.6,44992,,,,,,,,,
131.7,44992,,,,,,,,,
131.8,44992,,,,,,,,,
131.9,44992,,,,,,,,,
132,44992,,,,,,,,,
132.1,44992,,,,,,,,,
132.2,44992,,,,,,,,,
132.3,44992,,,,,,,,,
132.4,44992,,,,,,,,,
132.5,44992,,,,,,,,,
132.6,44096,,,,,,,,,
132.7,44096,,,,,,,,,
132.8,44096,,,,,,,,,
132.9,44096,,,,,,,,,
133,44096,,,,,,,,,
133.1,44096,,,,,,,,,
133.2,44096,,,,,,,,,
133.3,44096,,,,,,,,,
133.4,44096,,,,,,,,,
133.5,44096,,,,,,,,,
133.6,40256,,,,,,,,,
133.7,40256,,,,,,,,,
133.8,40256,,,,,,,,,
133.9,40256,,,,,,,,,
134,40256,,,,,,,,,
134.1,40256,,,,,,,,,
134.2,40256,,,,,,,,,
134.3,40256,,,,,,,,,
134.4,40256,,,,,,,,,
134.5,40256,,,,,,,,,
134.6,21824,,,,,,,,,
134.7,21824,,,,,,,,,
134.8,21824,,,,,,,,,
134.9,21824,,,,,,,,,
135,21824,,,,,,,,,
135.1,21824,,,,,,,,,
135.2,21824,,,,,,,,,
135.3,21824,,,,,,,,,
135.4,21824,,,,,,,,,
135.5,21824,,,,,,,,,
135.6,11584,,,,,,,,,
135.7,11584,,,,,,,,,
135.8,11584,,,,,,,,,
135.9,11584,,,,,,,,,
136,11584,,,,,,,,,
136.1,11584,,,,,,,,,
136.2,11584,,,,,,,,,
136.3,11584,,,,,,,,,
136.4,11584,,,,,,,,,
136.5,11584,,,,,,,,,
136.6,9856,,,,,,,,,
136.7,9856,,,,,,,,,
136.8,9856,,,,,,,,,
136.9,9856,,,,,,,,,
137,9856,,,,,,,,,
137.1,9856,,,,,,,,,
137.2,9856,,,,,,,,,
137.3,9856,,,,,,,,,
137.4,9856,,,,,,,,,
137.5,9856,,,,,,,,,
137.6,13696,,,,,,,,,
137.7,13696,,,,,,,,,
137.8,13696,,,,,,,,,
137.9,13696,,,,,,,,,
138,13696,,,,,,,,,
138.1,13696,,,,,,,,,
138.2,13696,,,,,,,,,
138.3,13696,,,,,,,,,
138.4,13696,,,,,,,,,
138.5,13696,,,,,,,,,
138.6,30272,,,,,,,,,
138.7,30272,,,,,,,,,
138.8,30272,,,,,,,,,
138.9,30272,,,,,,,,,
139,30272,,,,,,,,,
139.1,30272,,,,,,,,,
139.2,30272,,,,,,,,,
139.3,30272,,,,,,,,,
139.4,30272,,,,,,,,,
139.5,30272,,,,,,,,,
139.6,40320,,,,,,,,,
139.7,40320,,,,,,,,,
139.8,40320,,,,,,,,,
139.9,40320,,,,,,,,,
140,40320,,,,,,,,,
140.1,40320,,,,,,,,,
140.2,40320,,,,,,,,,
140.3,40320,,,,,,,,,
140.4,40320,,,,,,,,,
140.5,40320,,,,,,,,,
140.6,38912,,,,,,,,,
140.7,38912,,,,,,,,,
140.8,38912,,,,,,,,,
140.9,38912,,,,,,,,,
141,38912,,,,,,,,,
141.1,38912,,,,,,,,,
141.2,38912,,,,,,,,,
141.3,38912,,,,,,,,,
141.4,38912,,,,,,,,,
141.5,38912,,,,,,,,,
141.6,20608,,,,,,,,,
141.7,20608,,,,,,,,,
141.8,20608,,,,,,,,,
141.9,20608,,,,,,,,,
142,20608,,,,,,,,,
142.1,20608,,,,,,,,,
142.2,20608,,,,,,,,,
142.3,20608,,,,,,,,,
142.4,20608,,,,,,,,,
142.5,20608,,,,,,,,,
142.6,10752,,,,,,,,,
142.7,10752,,,,,,,,,
142.8,10752,,,,,,,,,
142.9,10752,,,,,,,,,
143,10752,,,,,,,,,
143.1,10752,,,,,,,,,
143.2,10752,,,,,,,,,
143.3,10752,,,,,,,,,
143.4,10752,,,,,,,,,
143.5,10752,,,,,,,,,
143.6,9152,,,,,,,,,
143.7,9152,,,,,,,,,
143.8,9152,,,,,,,,,
143.9,9152,,,,,,,,,
144,9152,,,,,,,,,
144.1,9152,,,,,,,,,
144.2,9152,,,,,,,,,
144.3,9152,,,,,,,,,
144.4,9152,,,,,,,,,
144.5,9152,,,,,,,,,
144.6,11968,,,,,,,,,
144.7,11968,,,,,,,,,
144.8,11968,,,,,,,,,
144.9,11968,,,,,,,,,
145,11968,,,,,,,,,
145.1,11968,,,,,,,,,
145.2,11968,,,,,,,,,
145.3,11968,,,,,,,,,
145.4,11968,,,,,,,,,
145.5,11968,,,,,,,,,
145.6,27648,,,,,,,,,
145.7,27648,,,,,,,,,
145.8,27648,,,,,,,,,
145.9,27648,,,,,,,,,
146,27648,,,,,,,,,
146.1,27648,,,,,,,,,
146.2,27648,,,,,,,,,
146.3,27648,,,,,,,,,
146.4,27648,,,,,,,,,
146.5,27648,,,,,,,,,
146.6,39936,,,,,,,,,
146.7,39936,,,,,,,,,
146.8,39936,,,,,,,,,
146.9,39936,,,,,,,,,
147,39936,,,,,,,,,
147.1,39936,,,,,,,,,
147.2,39936,,,,,,,,,
147.3,39936,,,,,,,,,
147.4,39936,,,,,,,,,
147.5,39936,,,,,,,,,
147.6,33792,,,,,,,,,
147.7,33792,,,,,,,,,
147.8,33792,,,,,,,,,
147.9,33792,,,,,,,,,
148,33792,,,,,,,,,
148.1,33792,,,,,,,,,
148.2,33792,,,,,,,,,
148.3,33792,,,,,,,,,
148.4,33792,,,,,,,,,
148.5,33792,,,,,,,,,
148.6,14080,,,,,,,,,
148.7,14080,,,,,,,,,
148.8,14080,,,,,,,,,
148.9,14080,,,,,,,,,
149,14080,,,,,,,,,
149.1,14080,,,,,,,,,
149.2,14080,,,,,,,,,
149.3,14080,,,,,,,,,
149.4,14080,,,,,,,,,
149.5,14080,,,,,,,,,
149.6,9536,,,,,,,,,
149.7,9536,,,,,,,,,
149.8,9536,,,,,,,,,
149.9,9536,,,,,,,,,
150,9536,,,,,,,,,
150.1,9536,,,,,,,,,
150.2,9536,,,,,,,,,
150.3,9536,,,,,,,,,
150.4,9536,,,,,,,,,
150.5,9536,,,,,,,,,
150.6,10048,,,,,,,,,
150.7,10048,,,,,,,,,
150.8,10048,,,,,,,,,
150.9,10048,,,,,,,,,
151,10048,,,,,,,,,
151.1,10048,,,,,,,,,
151.2,10048,,,,,,,,,
151.3,10048,,,,,,,,,
151.4,10048,,,,,,,,,
151.5,10048,,,,,,,,,
151.6,18240,,,,,,,,,
151.7,18240,,,,,,,,,
151.8,18240,,,,,,,,,
151.9,18240,,,,,,,,,
152,18240,,,,,,,,,
152.1,18240,,,,,,,,,
152.2,18240,,,,,,,,,
152.3,18240,,,,,,,,,
152.4,18240,,,,,,,,,
152.5,18240,,,,,,,,,
152.6,37312,,,,,,,,,
152.7,37312,,,,,,,,,
152.8,37312,,,,,,,,,
152.9,37312,,,,,,,,,
153,37312,,,,,,,,,
153.1,37312,,,,,,,,,
153.2,37312,,,,,,,,,
153.3,37312,,,,,,,,,
153.4,37312,,,,,,,,,
153.5,37312,,,,,,,,,
153.6,43648,,,,,,,,,
153.7,43648,,,,,,,,,
153.8,43648,,,,,,,,,
153.9,43648,,,,,,,,,
154,43648,,,,,,,,,
154.1,43648,,,,,,,,,
154.2,43648,,,,,,,,,
154.3,43648,,,,,,,,,
154.4,43648,,,,,,,,,
154.5,43648,,,,,,,,,
154.6,45504,,,,,,,,,
154.7,45504,,,,,,,,,
154.8,45504,,,,,,,,,
154.9,45504,,,,,,,,,
155,45504,,,,,,,,,
155.1,45504,,,,,,,,,
155.2,45504,,,,,,,,,
155.3,45504,,,,,,,,,
155.4,45504,,,,,,,,,
155.5,45504,,,,,,,,,
155.6,46272,,,,,,,,,
155.7,46272,,,,,,,,,
155.8,46272,,,,,,,,,
155.9,46272,,,,,,,,,
156,46272,,,,,,,,,
156.1,46272,,,,,,,,,
156.2,46272,,,,,,,,,
156.3,46272,,,,,,,,,
156.4,46272,,,,,,,,,
156.5,46272,,,,,,,,,
156.6,46912,,,,,,,,,
156.7,46912,,,,,,,,,
156.8,46912,,,,,,,,,
156.9,46912,,,,,,,,,
157,46912,,,,,,,,,
157.1,46912,,,,,,,,,
157.2,46912,,,,,,,,,
157.3,46912,,,,,,,,,
157.4,46912,,,,,,,,,
157.5,46912,,,,,,,,,
157.6,45760,,,,,,,,,
157.7,45760,,,,,,,,,
157.8,45760,,,,,,,,,
157.9,45760,,,,,,,,,
158,45760,,,,,,,,,
158.1,45760,,,,,,,,,
158.2,45760,,,,,,,,,
158.3,45760,,,,,,,,,
158.4,45760,,,,,,,,,
158.5,45760,,,,,,,,,
158.6,46144,,,,,,,,,
158.7,46144,,,,,,,,,
158.8,46144,,,,,,,,,
158.9,46144,,,,,,,,,
159,46144,,,,,,,,,
159.1,46144,,,,,,,,,
159.2,46144,,,,,,,,,
159.3,46144,,,,,,,,,
159.4,46144,,,,,,,,,
159.5,46144,,,,,,,,,
159.6,45632,,,,,,,,,
159.7,45632,,,,,,,,,
159.8,45632,,,,,,,,,
159.9,45632,,,,,,,,,
160,45632,,,,,,,,,
160.1,45632,,,,,,,,,
160.2,45632,,,,,,,,,
160.3,45632,,,,,,,,,
160.4,45632,,,,,,,,,
160.5,45632,,,,,,,,,
160.6,46080,,,,,,,,,
160.7,46080,,,,,,,,,
160.8,46080,,,,,,,,,
160.9,46080,,,,,,,,,
161,46080,,,,,,,,,
161.1,46080,,,,,,,,,
161.2,46080,,,,,,,,,
161.3,46080,,,,,,,,,
161.4,46080,,,,,,,,,
161.5,46080,,,,,,,,,
161.6,46336,,,,,,,,,
161.7,46336,,,,,,,,,
161.8,46336,,,,,,,,,
161.9,46336,,,,,,,,,
162,46336,,,,,,,,,
162.1,46336,,,,,,,,,
162.2,46336,,,,,,,,,
162.3,46336,,,,,,,,,
162.4,46336,,,,,,,,,
162.5,46336,,,,,,,,,
162.6,47040,,,,,,,,,
162.7,47040,,,,,,,,,
162.8,47040,,,,,,,,,
162.9,47040,,,,,,,,,
163,47040,,,,,,,,,
163.1,47040,,,,,,,,,
163.2,47040,,,,,,,,,
163.3,47040,,,,,,,,,
163.4,47040,,,,,,,,,
163.5,47040,,,,,,,,,
163.6,45824,,,,,,,,,
163.7,45824,,,,,,,,,
163.8,45824,,,,,,,,,
163.9,45824,,,,,,,,,
164,45824,,,,,,,,,
164.1,45824,,,,,,,,,
164.2,45824,,,,,,,,,
164.3,45824,,,,,,,,,
164.4,45824,,,,,,,,,
164.5,45824,,,,,,,,,
164.6,46720,,,,,,,,,
164.7,46720,,,,,,,,,
164.8,46720,,,,,,,,,
164.9,46720,,,,,,,,,
165,46720,,,,,,,,,
165.1,46720,,,,,,,,,
165.2,46720,,,,,,,,,
165.3,46720,,,,,,,,,
165.4,46720,,,,,,,,,
165.5,46720,,,,,,,,,
165.6,47552,,,,,,,,,
165.7,47552,,,,,,,,,
165.8,47552,,,,,,,,,
165.9,47552,,,,,,,,,
166,47552,,,,,,,,,
166.1,47552,,,,,,,,,
166.2,47552,,,,,,,,,
166.3,47552,,,,,,,,,
166.4,47552,,,,,,,,,
166.5,47552,,,,,,,,,
166.6,47552,,,,,,,,,
166.7,47552,,,,,,,,,
166.8,47552,,,,,,,,,
166.9,47552,,,,,,,,,
167,47552,,,,,,,,,
167.1,47552,,,,,,,,,
167.2,47552,,,,,,,,,
167.3,47552,,,,,,,,,
167.4,47552,,,,,,,,,
167.5,47552,,,,,,,,,
167.6,46592,,,,,,,,,
167.7,46592,,,,,,,,,
167.8,46592,,,,,,,,,
167.9,46592,,,,,,,,,
168,46592,,,,,,,,,
168.1,46592,,,,,,,,,
168.2,46592,,,,,,,,,
168.3,46592,,,,,,,,,
168.4,46592,,,,,,,,,
168.5,46592,,,,,,,,,
168.6,46720,,,,,,,,,
168.7,46720,,,,,,,,,
168.8,46720,,,,,,,,,
168.9,46720,,,,,,,,,
169,46720,,,,,,,,,
169.1,46720,,,,,,,,,
169.2,46720,,,,,,,,,
169.3,46720,,,,,,,,,
169.4,46720,,,,,,,,,
169.5,46720,,,,,,,,,
169.6,46400,,,,,,,,,
169.7,46400,,,,,,,,,
169.8,46400,,,,,,,,,
169.9,46400,,,,,,,,,
170,46400,,,,,,,,,
170.1,46400,,,,,,,,,
170.2,46400,,,,,,,,,
170.3,46400,,,,,,,,,
170.4,46400,,,,,,,,,
170.5,46400,,,,,,,,,
170.6,46528,,,,,,,,,
170.7,46528,,,,,,,,,
170.8,46528,,,,,,,,,
170.9,46528,,,,,,,,,
171,46528,,,,,,,,,
171.1,46528,,,,,,,,,
171.2,46528,,,,,,,,,
171.3,46528,,,,,,,,,
171.4,46528,,,,,,,,,
171.5,46528,,,,,,,,,
171.6,46528,,,,,,,,,
171.7,46528,,,,,,,,,
171.8,46528,,,,,,,,,
171.9,46528,,,,,,,,,
172,46528,,,,,,,,,
172.1,46528,,,,,,,,,
172.2,46528,,,,,,,,,
172.3,46528,,,,,,,,,
172.4,46528,,,,,,,,,
172.5,46528,,,,,,,,,
172.6,46400,,,,,,,,,
172.7,46400,,,,,,,,,
172.8,46400,,,,,,,,,
172.9,46400,,,,,,,,,
173,46400,,,,,,,,,
173.1,46400,,,,,,,,,
173.2,46400,,,,,,,,,
173.3,46400,,,,,,,,,
173.4,46400,,,,,,,,,
173.5,46400,,,,,,,,,
173.6,46272,,,,,,,,,
173.7,46272,,,,,,,,,
173.8,46272,,,,,,,,,
173.9,46272,,,,,,,,,
174,46272,,,,,,,,,
174.1,46272,,,,,,,,,
174.2,46272,,,,,,,,,
174.3,46272,,,,,,,,,
174.4,46272,,,,,,,,,
174.5,46272,,,,,,,,,
174.6,46912,,,,,,,,,
174.7,46912,,,,,,,,,
174.8,46912,,,,,,,,,
174.9,46912,,,,,,,,,
175,46912,,,,,,,,,
175.1,46912,,,,,,,,,
175.2,46912,,,,,,,,,
175.3,46912,,,,,,,,,
175.4,46912,,,,,,,,,
175.5,46912,,,,,,,,,
175.6,47104,,,,,,,,,
175.7,47104,,,,,,,,,
175.8,47104,,,,,,,,,
175.9,47104,,,,,,,,,
176,47104,,,,,,,,,
176.1,47104,,,,,,,,,
176.2,47104,,,,,,,,,
176.3,47104,,,,,,,,,
176.4,47104,,,,,,,,,
176.5,47104,,,,,,,,,
176.6,46528,,,,,,,,,
176.7,46528,,,,,,,,,
176.8,46528,,,,,,,,,
176.9,46528,,,,,,,,,
177,46528,,,,,,,,,
177.1,46528,,,,,,,,,
177.2,46528,,,,,,,,,
177.3,46528,,,,,,,,,
177.4,46528,,,,,,,,,
177.5,46528,,,,,,,,,
177.6,47296,,,,,,,,,
177.7,47296,,,,,,,,,
177.8,47296,,,,,,,,,
177.9,47296,,,,,,,,,
178,47296,,,,,,,,,
178.1,47296,,,,,,,,,
178.2,47296,,,,,,,,,
178.3,47296,,,,,,,,,
178.4,47296,,,,,,,,,
178.5,47296,,,,,,,,,
178.6,46848,,,,,,,,,
178.7,46848,,,,,,,,,
178.8,46848,,,,,,,,,
178.9,46848,,,,,,,,,
179,46848,,,,,,,,,
179.1,46848,,,,,,,,,
179.2,46848,,,,,,,,,
179.3,46848,,,,,,,,,
179.4,46848,,,,,,,,,
179.5,46848,,,,,,,,,
179.6,46208,,,,,,,,,
179.7,46208,,,,,,,,,
179.8,46208,,,,,,,,,
179.9,46208,,,,,,,,,
180,46208,,,,,,,,,
180.1,46208,,,,,,,,,
180.2,46208,,,,,,,,,
180.3,46208,,,,,,,,,
180.4,46208,,,,,,,,,
180.5,46208,,,,,,,,,
180.6,45888,,,,,,,,,
180.7,45888,,,,,,,,,
180.8,45888,,,,,,,,,
180.9,45888,,,,,,,,,
181,45888,,,,,,,,,
181.1,45888,,,,,,,,,
181.2,45888,,,,,,,,,
181.3,45888,,,,,,,,,
181.4,45888,,,,,,,,,
181.5,45888,,,,,,,,,
181.6,46464,,,,,,,,,
181.7,46464,,,,,,,,,
181.8,46464,,,,,,,,,
181.9,46464,,,,,,,,,
182,46464,,,,,,,,,
182.1,46464,,,,,,,,,
182.2,46464,,,,,,,,,
182.3,46464,,,,,,,,,
182.4,46464,,,,,,,,,
182.5,46464,,,,,,,,,
182.6,47488,,,,,,,,,
182.7,47488,,,,,,,,,
182.8,47488,,,,,,,,,
182.9,47488,,,,,,,,,
183,47488,,,,,,,,,
183.1,47488,,,,,,,,,
183.2,47488,,,,,,,,,
183.3,47488,,,,,,,,,
183.4,47488,,,,,,,,,
183.5,47488,,,,,,,,,
183.6,45696,,,,,,,,,
183.7,45696,,,,,,,,,
183.8,45696,,,,,,,,,
183.9,45696,,,,,,,,,
184,45696,,,,,,,,,
184.1,45696,,,,,,,,,
184.2,45696,,,,,,,,,
184.3,45696,,,,,,,,,
184.4,45696,,,,,,,,,
184.5,45696,,,,,,,,,
184.6,45120,,,,,,,,,
184.7,45120,,,,,,,,,
184.8,45120,,,,,,,,,
184.9,45120,,,,,,,,,
185,45120,,,,,,,,,
185.1,45120,,,,,,,,,
185.2,45120,,,,,,,,,
185.3,45120,,,,,,,,,
185.4,45120,,,,,,,,,
185.5,45120,,,,,,,,,
185.6,42432,,,,,,,,,
185.7,42432,,,,,,,,,
185.8,42432,,,,,,,,,
185.9,42432,,,,,,,,,
186,42432,,,,,,,,,
186.1,42432,,,,,,,,,
186.2,42432,,,,,,,,,
186.3,42432,,,,,,,,,
186.4,42432,,,,,,,,,
186.5,42432,,,,,,,,,
186.6,32512,,,,,,,,,
186.7,32512,,,,,,,,,
186.8,32512,,,,,,,,,
186.9,32512,,,,,,,,,
187,32512,,,,,,,,,
187.1,32512,,,,,,,,,
187.2,32512,,,,,,,,,
187.3,32512,,,,,,,,,
187.4,32512,,,,,,,,,
187.5,32512,,,,,,,,,
187.6,16128,,,,,,,,,
187.7,16128,,,,,,,,,
187.8,16128,,,,,,,,,
187.9,16128,,,,,,,,,
188,16128,,,,,,,,,
188.1,16128,,,,,,,,,
188.2,16128,,,,,,,,,
188.3,16128,,,,,,,,,
188.4,16128,,,,,,,,,
188.5,16128,,,,,,,,,
188.6,14336,,,,,,,,,
188.7,14336,,,,,,,,,
188.8,14336,,,,,,,,,
188.9,14336,,,,,,,,,
189,14336,,,,,,,,,
189.1,14336,,,,,,,,,
189.2,14336,,,,,,,,,
189.3,14336,,,,,,,,,
189.4,14336,,,,,,,,,
189.5,14336,,,,,,,,,
189.6,25472,,,,,,,,,
189.7,25472,,,,,,,,,
189.8,25472,,,,,,,,,
189.9,25472,,,,,,,,,
190,25472,,,,,,,,,
190.1,25472,,,,,,,,,
190.2,25472,,,,,,,,,
190.3,25472,,,,,,,,,
190.4,25472,,,,,,,,,
190.5,25472,,,,,,,,,
190.6,38528,,,,,,,,,
190.7,38528,,,,,,,,,
190.8,38528,,,,,,,,,
190.9,38528,,,,,,,,,
191,38528,,,,,,,,,
191.1,38528,,,,,,,,,
191.2,38528,,,,,,,,,
191.3,38528,,,,,,,,,
191.4,38528,,,,,,,,,
191.5,38528,,,,,,,,,
191.6,27904,,,,,,,,,
191.7,27904,,,,,,,,,
191.8,27904,,,,,,,,,
191.9,27904,,,,,,,,,
192,27904,,,,,,,,,
192.1,27904,,,,,,,,,
192.2,27904,,,,,,,,,
192.3,27904,,,,,,,,,
192.4,27904,,,,,,,,,
192.5,27904,,,,,,,,,
192.6,13184,,,,,,,,,
192.7,13184,,,,,,,,,
192.8,13184,,,,,,,,,
192.9,13184,,,,,,,,,
193,13184,,,,,,,,,
193.1,13184,,,,,,,,,
193.2,13184,,,,,,,,,
193.3,13184,,,,,,,,,
193.4,13184,,,,,,,,,
193.5,13184,,,,,,,,,
193.6,11456,,,,,,,,,
193.7,11456,,,,,,,,,
193.8,11456,,,,,,,,,
193.9,11456,,,,,,,,,
194,11456,,,,,,,,,
194.1,11456,,,,,,,,,
194.2,11456,,,,,,,,,
194.3,11456,,,,,,,,,
194.4,11456,,,,,,,,,
194.5,11456,,,,,,,,,
194.6,19648,,,,,,,,,
194.7,19648,,,,,,,,,
194.8,19648,,,,,,,,,
194.9,19648,,,,,,,,,
195,19648,,,,,,,,,
195.1,19648,,,,,,,,,
195.2,19648,,,,,,,,,
195.3,19648,,,,,,,,,
195.4,19648,,,,,,,,,
195.5,19648,,,,,,,,,
195.6,36416,,,,,,,,,
195.7,36416,,,,,,,,,
195.8,36416,,,,,,,,,
195.9,36416,,,,,,,,,
196,36416,,,,,,,,,
196.1,36416,,,,,,,,,
196.2,36416,,,,,,,,,
196.3,36416,,,,,,,,,
196.4,36416,,,,,,,,,
196.5,36416,,,,,,,,,
196.6,33408,,,,,,,,,
196.7,33408,,,,,,,,,
196.8,33408,,,,,,,,,
196.9,33408,,,,,,,,,
197,33408,,,,,,,,,
197.1,33408,,,,,,,,,
197.2,32832,,,,,,,,,
197.3,32832,,,,,,,,,
197.4,32832,,,,,,,,,
197.5,32832,,,,,,,,,
197.6,18752,,,,,,,,,
197.7,18752,,,,,,,,,
197.8,18752,,,,,,,,,
197.9,18752,,,,,,,,,
198,18752,,,,,,,,,
198.1,18752,,,,,,,,,
198.2,18752,,,,,,,,,
198.3,18752,,,,,,,,,
198.4,18752,,,,,,,,,
198.5,18752,,,,,,,,,
198.6,14528,,,,,,,,,
198.7,14528,,,,,,,,,
198.8,14528,,,,,,,,,
198.9,14528,,,,,,,,,
199,14528,,,,,,,,,
199.1,14528,,,,,,,,,
199.2,14528,,,,,,,,,
199.3,14528,,,,,,,,,
199.4,14528,,,,,,,,,
199.5,14528,,,,,,,,,
199.6,20160,,,,,,,,,
199.7,20160,,,,,,,,,
199.8,20160,,,,,,,,,
199.9,20160,,,,,,,,,
200,20160,,,,,,,,,
200.1,20160,,,,,,,,,
200.2,20160,,,,,,,,,
200.3,20160,,,,,,,,,
200.4,20160,,,,,,,,,
200.5,20160,,,,,,,,,
200.6,38080,,,,,,,,,
200.7,38080,,,,,,,,,
200.8,38080,,,,,,,,,
200.9,38080,,,,,,,,,
201,38080,,,,,,,,,
201.1,38080,,,,,,,,,
201.2,38080,,,,,,,,,
201.3,38080,,,,,,,,,
201.4,38080,,,,,,,,,
201.5,38080,,,,,,,,,
201.6,43776,,,,,,,,,
201.7,43776,,,,,,,,,
201.8,43776,,,,,,,,,
201.9,43776,,,,,,,,,
202,43776,,,,,,,,,
202.1,43776,,,,,,,,,
202.2,43776,,,,,,,,,
202.3,43776,,,,,,,,,
202.4,43776,,,,,,,,,
202.5,43776,,,,,,,,,
202.6,45312,,,,,,,,,
202.7,45312,,,,,,,,,
202.8,45312,,,,,,,,,
202.9,45312,,,,,,,,,
203,45312,,,,,,,,,
203.1,45312,,,,,,,,,
203.2,45312,,,,,,,,,
203.3,45312,,,,,,,,,
203.4,45312,,,,,,,,,
203.5,45312,,,,,,,,,
203.6,46144,,,,,,,,,
203.7,46144,,,,,,,,,
203.8,46144,,,,,,,,,
203.9,46144,,,,,,,,,
204,46144,,,,,,,,,
204.1,46144,,,,,,,,,
204.2,46144,,,,,,,,,
204.3,46144,,,,,,,,,
204.4,46144,,,,,,,,,
204.5,46144,,,,,,,,,
204.6,46464,,,,,,,,,
204.7,46464,,,,,,,,,
204.8,46464,,,,,,,,,
204.9,46464,,,,,,,,,
205,46464,,,,,,,,,
205.1,46464,,,,,,,,,
205.2,46464,,,,,,,,,
205.3,46464,,,,,,,,,
205.4,46464,,,,,,,,,
205.5,46464,,,,,,,,,
205.6,46464,,,,,,,,,
205.7,46464,,,,,,,,,
205.8,46464,,,,,,,,,
205.9,46464,,,,,,,,,
206,46464,,,,,,,,,
206.1,46464,,,,,,,,,
206.2,46464,,,,,,,,,
206.3,46464,,,,,,,,,
206.4,46464,,,,,,,,,
206.5,46464,,,,,,,,,
206.6,46976,,,,,,,,,
206.7,46976,,,,,,,,,
206.8,46976,,,,,,,,,
206.9,46976,,,,,,,,,
207,46976,,,,,,,,,
207.1,46976,,,,,,,,,
207.2,46976,,,,,,,,,
207.3,46976,,,,,,,,,
207.4,46976,,,,,,,,,
207.5,46976,,,,,,,,,
207.6,47232,,,,,,,,,
207.7,47232,,,,,,,,,
207.8,47232,,,,,,,,,
207.9,47232,,,,,,,,,
208,47232,,,,,,,,,
208.1,47232,,,,,,,,,
208.2,47232,,,,,,,,,
208.3,47232,,,,,,,,,
208.4,47232,,,,,,,,,
208.5,47232,,,,,,,,,
208.6,46144,,,,,,,,,
208.7,46144,,,,,,,,,
208.8,46144,,,,,,,,,
208.9,46144,,,,,,,,,
209,46144,,,,,,,,,
209.1,46144,,,,,,,,,
209.2,46144,,,,,,,,,
209.3,46144,,,,,,,,,
209.4,46144,,,,,,,,,
209.5,46144,,,,,,,,,
209.6,45568,,,,,,,,,
209.7,45568,,,,,,,,,
209.8,45568,,,,,,,,,
209.9,45568,,,,,,,,,
210,45568,,,,,,,,,
210.1,45568,,,,,,,,,
210.2,45568,,,,,,,,,
210.3,45568,,,,,,,,,
210.4,45568,,,,,,,,,
210.5,45568,,,,,,,,,
210.6,46400,,,,,,,,,
210.7,46400,,,,,,,,,
210.8,46400,,,,,,,,,
210.9,46400,,,,,,,,,
211,46400,,,,,,,,,
211.1,46400,,,,,,,,,
211.2,46400,,,,,,,,,
211.3,46400,,,,,,,,,
211.4,46400,,,,,,,,,
211.5,46400,,,,,,,,,
211.6,47232,,,,,,,,,
211.7,47232,,,,,,,,,
211.8,47232,,,,,,,,,
211.9,47232,,,,,,,,,
212,47232,,,,,,,,,
212.1,47232,,,,,,,,,
212.2,47232,,,,,,,,,
212.3,47232,,,,,,,,,
212.4,47232,,,,,,,,,
212.5,47232,,,,,,,,,
212.6,46208,,,,,,,,,
212.7,46208,,,,,,,,,
212.8,46208,,,,,,,,,
212.9,46208,,,,,,,,,
213,46208,,,,,,,,,
213.1,46208,,,,,,,,,
213.2,46208,,,,,,,,,
213.3,46208,,,,,,,,,
213.4,46208,,,,,,,,,
213.5,46208,,,,,,,,,
213.6,47424,,,,,,,,,
213.7,47424,,,,,,,,,
213.8,47424,,,,,,,,,
213.9,47424,,,,,,,,,
214,47424,,,,,,,,,
214.1,47424,,,,,,,,,
214.2,47424,,,,,,,,,
214.3,47424,,,,,,,,,
214.4,47424,,,,,,,,,
214.5,47424,,,,,,,,,
214.6,45568,,,,,,,,,
214.7,45568,,,,,,,,,
214.8,45568,,,,,,,,,
214.9,45568,,,,,,,,,
215,45568,,,,,,,,,
215.1,45568,,,,,,,,,
215.2,45568,,,,,,,,,
215.3,45568,,,,,,,,,
215.4,45568,,,,,,,,,
215.5,45568,,,,,,,,,
215.6,46336,,,,,,,,,
215.7,46336,,,,,,,,,
215.8,46336,,,,,,,,,
215.9,46336,,,,,,,,,
216,46336,,,,,,,,,
216.1,46336,,,,,,,,,
216.2,46336,,,,,,,,,
216.3,46336,,,,,,,,,
216.4,46336,,,,,,,,,
216.5,46336,,,,,,,,,
216.6,47168,,,,,,,,,
216.7,47168,,,,,,,,,
216.8,47168,,,,,,,,,
216.9,47168,,,,,,,,,
217,47168,,,,,,,,,
217.1,47168,,,,,,,,,
217.2,47168,,,,,,,,,
217.3,47168,,,,,,,,,
217.4,47168,,,,,,,,,
217.5,47168,,,,,,,,,
217.6,46272,,,,,,,,,
217.7,46272,,,,,,,,,
217.8,46272,,,,,,,,,
217.9,46272,,,,,,,,,
218,46272,,,,,,,,,
218.1,46272,,,,,,,,,
218.2,46272,,,,,,,,,
218.3,46272,,,,,,,,,
218.4,46272,,,,,,,,,
218.5,46272,,,,,,,,,
218.6,46464,,,,,,,,,
218.7,46464,,,,,,,,,
218.8,46464,,,,,,,,,
218.9,46464,,,,,,,,,
219,46464,,,,,,,,,
219.1,46464,,,,,,,,,
219.2,46464,,,,,,,,,
219.3,46464,,,,,,,,,
219.4,46464,,,,,,,,,
219.5,46464,,,,,,,,,
219.6,46336,,,,,,,,,
219.7,46336,,,,,,,,,
219.8,46336,,,,,,,,,
219.9,46336,,,,,,,,,
220,46336,,,,,,,,,
220.1,46336,,,,,,,,,
220.2,46336,,,,,,,,,
220.3,46336,,,,,,,,,
220.4,46336,,,,,,,,,
220.5,46336,,,,,,,,,
220.6,45120,,,,,,,,,
220.7,45120,,,,,,,,,
220.8,45120,,,,,,,,,
220.9,45120,,,,,,,,,
221,45120,,,,,,,,,
221.1,45120,,,,,,,,,
221.2,45120,,,,,,,,,
221.3,45120,,,,,,,,,
221.4,45120,,,,,,,,,
221.5,45120,,,,,,,,,
221.6,46848,,,,,,,,,
221.7,46848,,,,,,,,,
221.8,46848,,,,,,,,,
221.9,46848,,,,,,,,,
222,46848,,,,,,,,,
222.1,46848,,,,,,,,,
222.2,46848,,,,,,,,,
222.3,46848,,,,,,,,,
222.4,46848,,,,,,,,,
222.5,46848,,,,,,,,,
222.6,46912,,,,,,,,,
222.7,46912,,,,,,,,,
222.8,46912,,,,,,,,,
222.9,46912,,,,,,,,,
223,46912,,,,,,,,,
223.1,46912,,,,,,,,,
223.2,46912,,,,,,,,,
223.3,46912,,,,,,,,,
223.4,46912,,,,,,,,,
223.5,46912,,,,,,,,,
223.6,46720,,,,,,,,,
223.7,46720,,,,,,,,,
223.8,46720,,,,,,,,,
223.9,46720,,,,,,,,,
224,46720,,,,,,,,,
224.1,46720,,,,,,,,,
224.2,46720,,,,,,,,,
224.3,46720,,,,,,,,,
224.4,46720,,,,,,,,,
224.5,46720,,,,,,,,,
224.6,46080,,,,,,,,,
224.7,46080,,,,,,,,,
224.8,46080,,,,,,,,,
224.9,46080,,,,,,,,,
225,46080,,,,,,,,,
225.1,46080,,,,,,,,,
225.2,46080,,,,,,,,,
225.3,46080,,,,,,,,,
225.4,46080,,,,,,,,,
225.5,46080,,,,,,,,,
225.6,46528,,,,,,,,,
225.7,46528,,,,,,,,,
225.8,46528,,,,,,,,,
225.9,46528,,,,,,,,,
226,46528,,,,,,,,,
226.1,46528,,,,,,,,,
226.2,46528,,,,,,,,,
226.3,46528,,,,,,,,,
226.4,46528,,,,,,,,,
226.5,46528,,,,,,,,,
226.6,45824,,,,,,,,,
226.7,45824,,,,,,,,,
226.8,45824,,,,,,,,,
226.9,45824,,,,,,,,,
227,45824,,,,,,,,,
227.1,45824,,,,,,,,,
227.2,45824,,,,,,,,,
227.3,45824,,,,,,,,,
227.4,45824,,,,,,,,,
227.5,45824,,,,,,,,,
227.6,45888,,,,,,,,,
227.7,45888,,,,,,,,,
227.8,45888,,,,,,,,,
227.9,45888,,,,,,,,,
228,45888,,,,,,,,,
228.1,45888,,,,,,,,,
228.2,45888,,,,,,,,,
228.3,45888,,,,,,,,,
228.4,45888,,,,,,,,,
228.5,45888,,,,,,,,,
228.6,45056,,,,,,,,,
228.7,45056,,,,,,,,,
228.8,45056,,,,,,,,,
228.9,45056,,,,,,,,,
229,45056,,,,,,,,,
229.1,45056,,,,,,,,,
229.2,45056,,,,,,,,,
229.3,45056,,,,,,,,,
229.4,45056,,,,,,,,,
229.5,45056,,,,,,,,,
229.6,46272,,,,,,,,,
229.7,46272,,,,,,,,,
229.8,46272,,,,,,,,,
229.9,46272,,,,,,,,,
230,46272,,,,,,,,,
230.1,46272,,,,,,,,,
230.2,46272,,,,,,,,,
230.3,46272,,,,,,,,,
230.4,46272,,,,,,,,,
230.5,46272,,,,,,,,,
230.6,43648,,,,,,,,,
230.7,43648,,,,,,,,,
230.8,43648,,,,,,,,,
230.9,43648,,,,,,,,,
231,43648,,,,,,,,,
231.1,43648,,,,,,,,,
231.2,43648,,,,,,,,,
231.3,43648,,,,,,,,,
231.4,43648,,,,,,,,,
231.5,43648,,,,,,,,,
231.6,44352,,,,,,,,,
231.7,44352,,,,,,,,,
231.8,44352,,,,,,,,,
231.9,44352,,,,,,,,,
232,44352,,,,,,,,,
232.1,44352,,,,,,,,,
232.2,44352,,,,,,,,,
232.3,44352,,,,,,,,,
232.4,44352,,,,,,,,,
232.5,44352,,,,,,,,,
232.6,44800,,,,,,,,,
232.7,44800,,,,,,,,,
232.8,44800,,,,,,,,,
232.9,44800,,,,,,,,,
233,44800,,,,,,,,,
233.1,44800,,,,,,,,,
233.2,44800,,,,,,,,,
233.3,44800,,,,,,,,,
233.4,44800,,,,,,,,,
233.5,44800,,,,,,,,,
233.6,40512,,,,,,,,,
233.7,40512,,,,,,,,,
233.8,40512,,,,,,,,,
233.9,40512,,,,,,,,,
234,40512,,,,,,,,,
234.1,40512,,,,,,,,,
234.2,40512,,,,,,,,,
234.3,40512,,,,,,,,,
234.4,40512,,,,,,,,,
234.5,40512,,,,,,,,,
234.6,29824,,,,,,,,,
234.7,29824,,,,,,,,,
234.8,29824,,,,,,,,,
234.9,29824,,,,,,,,,
235,29824,,,,,,,,,
235.1,29824,,,,,,,,,
235.2,29824,,,,,,,,,
235.3,29824,,,,,,,,,
235.4,29824,,,,,,,,,
235.5,29824,,,,,,,,,
235.6,21056,,,,,,,,,
235.7,21056,,,,,,,,,
235.8,21056,,,,,,,,,
235.9,21056,,,,,,,,,
236,21056,,,,,,,,,
236.1,21056,,,,,,,,,
236.2,21056,,,,,,,,,
236.3,21056,,,,,,,,,
236.4,21056,,,,,,,,,
236.5,21056,,,,,,,,,
236.6,27200,,,,,,,,,
236.7,27200,,,,,,,,,
236.8,27200,,,,,,,,,
236.9,27200,,,,,,,,,
237,27200,,,,,,,,,
237.1,27200,,,,,,,,,
237.2,27200,,,,,,,,,
237.3,27200,,,,,,,,,
237.4,27200,,,,,,,,,
237.5,27200,,,,,,,,,
237.6,24320,,,,,,,,,
237.7,24320,,,,,,,,,
237.8,24320,,,,,,,,,
237.9,24320,,,,,,,,,
238,24320,,,,,,,,,
238.1,24320,,,,,,,,,
238.2,24320,,,,,,,,,
238.3,24320,,,,,,,,,
238.4,24320,,,,,,,,,
238.5,24320,,,,,,,,,
238.6,17856,,,,,,,,,
238.7,17856,,,,,,,,,
238.8,17856,,,,,,,,,
238.9,17856,,,,,,,,,
239,17856,,,,,,,,,
239.1,17856,,,,,,,,,
239.2,17856,,,,,,,,,
239.3,17856,,,,,,,,,
239.4,17856,,,,,,,,,
239.5,17856,,,,,,,,,
239.6,23616,,,,,,,,,
239.7,23616,,,,,,,,,
239.8,23616,,,,,,,,,
239.9,23616,,,,,,,,,
240,23616,,,,,,,,,
240.1,23616,,,,,,,,,
240.2,23616,,,,,,,,,
240.3,23616,,,,,,,,,
240.4,23616,,,,,,,,,
240.5,23616,,,,,,,,,
240.6,31424,,,,,,,,,
240.7,31424,,,,,,,,,
240.8,31424,,,,,,,,,
240.9,31424,,,,,,,,,
241,31424,,,,,,,,,
241.1,31424,,,,,,,,,
241.2,31424,,,,,,,,,
241.3,31424,,,,,,,,,
241.4,31424,,,,,,,,,
241.5,31424,,,,,,,,,
241.6,19584,,,,,,,,,
241.7,19584,,,,,,,,,
241.8,19584,,,,,,,,,
241.9,19584,,,,,,,,,
242,19584,,,,,,,,,
242.1,19584,,,,,,,,,
242.2,19584,,,,,,,,,
242.3,19584,,,,,,,,,
242.4,19584,,,,,,,,,
242.5,19584,,,,,,,,,
242.6,20288,,,,,,,,,
242.7,20288,,,,,,,,,
242.8,20288,,,,,,,,,
242.9,20288,,,,,,,,,
243,20288,,,,,,,,,
243.1,20288,,,,,,,,,
243.2,20288,,,,,,,,,
243.3,20288,,,,,,,,,
243.4,20288,,,,,,,,,
243.5,20288,,,,,,,,,
243.6,39360,,,,,,,,,
243.7,39360,,,,,,,,,
243.8,39360,,,,,,,,,
243.9,39360,,,,,,,,,
244,39360,,,,,,,,,
244.1,39360,,,,,,,,,
244.2,39360,,,,,,,,,
244.3,39360,,,,,,,,,
244.4,39360,,,,,,,,,
244.5,39360,,,,,,,,,
244.6,44288,,,,,,,,,
244.7,44288,,,,,,,,,
244.8,44288,,,,,,,,,
244.9,44288,,,,,,,,,
245,44288,,,,,,,,,
245.1,44288,,,,,,,,,
245.2,44288,,,,,,,,,
245.3,44288,,,,,,,,,
245.4,44288,,,,,,,,,
245.5,44288,,,,,,,,,
245.6,44864,,,,,,,,,
245.7,44864,,,,,,,,,
245.8,44864,,,,,,,,,
245.9,44864,,,,,,,,,
246,44864,,,,,,,,,
246.1,44864,,,,,,,,,
246.2,44864,,,,,,,,,
246.3,44864,,,,,,,,,
246.4,44864,,,,,,,,,
246.5,44864,,,,,,,,,
246.6,46336,,,,,,,,,
246.7,46336,,,,,,,,,
246.8,46336,,,,,,,,,
246.9,46336,,,,,,,,,
247,46336,,,,,,,,,
247.1,46336,,,,,,,,,
247.2,46336,,,,,,,,,
247.3,46336,,,,,,,,,
247.4,46336,,,,,,,,,
247.5,46336,,,,,,,,,
247.6,46400,,,,,,,,,
247.7,46400,,,,,,,,,
247.8,46400,,,,,,,,,
247.9,46400,,,,,,,,,
248,46400,,,,,,,,,
248.1,46400,,,,,,,,,
248.2,46400,,,,,,,,,
248.3,46400,,,,,,,,,
248.4,46400,,,,,,,,,
248.5,46400,,,,,,,,,
248.6,46016,,,,,,,,,
248.7,46016,,,,,,,,,
248.8,46016,,,,,,,,,
248.9,46016,,,,,,,,,
249,46016,,,,,,,,,
249.1,46016,,,,,,,,,
249.2,46016,,,,,,,,,
249.3,46016,,,,,,,,,
249.4,46016,,,,,,,,,
249.5,46016,,,,,,,,,
249.6,46784,,,,,,,,,
249.7,46784,,,,,,,,,
249.8,46784,,,,,,,,,
249.9,46784,,,,,,,,,
250,46784,,,,,,,,,
250.1,46784,,,,,,,,,
250.2,46784,,,,,,,,,
250.3,46784,,,,,,,,,
250.4,46784,,,,,,,,,
250.5,46784,,,,,,,,,
250.6,46976,,,,,,,,,
250.7,46976,,,,,,,,,
250.8,46976,,,,,,,,,
250.9,46976,,,,,,,,,
251,46976,,,,,,,,,
251.1,46976,,,,,,,,,
251.2,46976,,,,,,,,,
251.3,46976,,,,,,,,,
251.4,46976,,,,,,,,,
251.5,46976,,,,,,,,,
251.6,46848,,,,,,,,,
251.7,46848,,,,,,,,,
251.8,46848,,,,,,,,,
251.9,46848,,,,,,,,,
252,46848,,,,,,,,,
252.1,46848,,,,,,,,,
252.2,46848,,,,,,,,,
252.3,46848,,,,,,,,,
252.4,46848,,,,,,,,,
252.5,46848,,,,,,,,,
252.6,47040,,,,,,,,,
252.7,47040,,,,,,,,,
252.8,47040,,,,,,,,,
252.9,47040,,,,,,,,,
253,47040,,,,,,,,,
253.1,47040,,,,,,,,,
253.2,47040,,,,,,,,,
253.3,47040,,,,,,,,,
253.4,47040,,,,,,,,,
253.5,47040,,,,,,,,,
253.6,47296,,,,,,,,,
253.7,47296,,,,,,,,,
253.8,47296,,,,,,,,,
253.9,47296,,,,,,,,,
254,47296,,,,,,,,,
254.1,47296,,,,,,,,,
254.2,47296,,,,,,,,,
254.3,47296,,,,,,,,,
254.4,47296,,,,,,,,,
254.5,47296,,,,,,,,,
254.6,46912,,,,,,,,,
254.7,46912,,,,,,,,,
254.8,46912,,,,,,,,,
254.9,46912,,,,,,,,,
255,46912,,,,,,,,,
255.1,46912,,,,,,,,,
255.2,46912,,,,,,,,,
255.3,46912,,,,,,,,,
255.4,46912,,,,,,,,,
255.5,46912,,,,,,,,,
255.6,47616,,,,,,,,,
255.7,47616,,,,,,,,,
255.8,47616,,,,,,,,,
255.9,47616,,,,,,,,,
256,47616,,,,,,,,,
256.1,47616,,,,,,,,,
256.2,47616,,,,,,,,,
256.3,47616,,,,,,,,,
256.4,47616,,,,,,,,,
256.5,47616,,,,,,,,,
256.6,47104,,,,,,,,,
256.7,47104,,,,,,,,,
256.8,47104,,,,,,,,,
256.9,47104,,,,,,,,,
257,47104,,,,,,,,,
257.1,47104,,,,,,,,,
257.2,47104,,,,,,,,,
257.3,47104,,,,,,,,,
257.4,47104,,,,,,,,,
257.5,47104,,,,,,,,,
257.6,46656,,,,,,,,,
257.7,46656,,,,,,,,,
257.8,46656,,,,,,,,,
257.9,46656,,,,,,,,,
258,46656,,,,,,,,,
258.1,46656,,,,,,,,,
258.2,46656,,,,,,,,,
258.3,46656,,,,,,,,,
258.4,46656,,,,,,,,,
258.5,46656,,,,,,,,,
258.6,48192,,,,,,,,,
258.7,48192,,,,,,,,,
258.8,48192,,,,,,,,,
258.9,48192,,,,,,,,,
259,48192,,,,,,,,,
259.1,48192,,,,,,,,,
259.2,48192,,,,,,,,,
259.3,48192,,,,,,,,,
259.4,48192,,,,,,,,,
259.5,48192,,,,,,,,,
259.6,47808,,,,,,,,,
259.7,47808,,,,,,,,,
259.8,47808,,,,,,,,,
259.9,47808,,,,,,,,,
260,47808,,,,,,,,,
260.1,47808,,,,,,,,,
260.2,47808,,,,,,,,,
260.3,47808,,,,,,,,,
260.4,47808,,,,,,,,,
260.5,47808,,,,,,,,,
260.6,47040,,,,,,,,,
260.7,47040,,,,,,,,,
260.8,47040,,,,,,,,,
260.9,47040,,,,,,,,,
261,47040,,,,,,,,,
261.1,47040,,,,,,,,,
261.2,47040,,,,,,,,,
261.3,47040,,,,,,,,,
261.4,47040,,,,,,,,,
261.5,47040,,,,,,,,,
261.6,47808,,,,,,,,,
261.7,47808,,,,,,,,,
261.8,47808,,,,,,,,,
261.9,47808,,,,,,,,,
262,47808,,,,,,,,,
262.1,47808,,,,,,,,,
262.2,47808,,,,,,,,,
262.3,47808,,,,,,,,,
262.4,47808,,,,,,,,,
262.5,47808,,,,,,,,,
262.6,48064,,,,,,,,,
262.7,48064,,,,,,,,,
262.8,48064,,,,,,,,,
262.9,48064,,,,,,,,,
263,48064,,,,,,,,,
263.1,48064,,,,,,,,,
263.2,48064,,,,,,,,,
263.3,48064,,,,,,,,,
263.4,48064,,,,,,,,,
263.5,48064,,,,,,,,,
263.6,47616,,,,,,,,,
263.7,47616,,,,,,,,,
263.8,47616,,,,,,,,,
263.9,47616,,,,,,,,,
264,47616,,,,,,,,,
264.1,47616,,,,,,,,,
264.2,47616,,,,,,,,,
264.3,47616,,,,,,,,,
264.4,47616,,,,,,,,,
264.5,47616,,,,,,,,,
264.6,48000,,,,,,,,,
264.7,48000,,,,,,,,,
264.8,48000,,,,,,,,,
264.9,48000,,,,,,,,,
265,48000,,,,,,,,,
265.1,48000,,,,,,,,,
265.2,48000,,,,,,,,,
265.3,48000,,,,,,,,,
265.4,48000,,,,,,,,,
265.5,48000,,,,,,,,,
265.6,46848,,,,,,,,,
265.7,46848,,,,,,,,,
265.8,46848,,,,,,,,,
265.9,46848,,,,,,,,,
266,46848,,,,,,,,,
266.1,46848,,,,,,,,,
266.2,46848,,,,,,,,,
266.3,46848,,,,,,,,,
266.4,46848,,,,,,,,,
266.5,46848,,,,,,,,,
266.6,46912,,,,,,,,,
266.7,46912,,,,,,,,,
266.8,46912,,,,,,,,,
266.9,46912,,,,,,,,,
267,46912,,,,,,,,,
267.1,46912,,,,,,,,,
267.2,46912,,,,,,,,,
267.3,46912,,,,,,,,,
267.4,46912,,,,,,,,,
267.5,46912,,,,,,,,,
267.6,46272,,,,,,,,,
267.7,46272,,,,,,,,,
267.8,46272,,,,,,,,,
267.9,46272,,,,,,,,,
268,46272,,,,,,,,,
268.1,46272,,,,,,,,,
268.2,46272,,,,,,,,,
268.3,46272,,,,,,,,,
268.4,46272,,,,,,,,,
268.5,46272,,,,,,,,,
268.6,46656,,,,,,,,,
268.7,46656,,,,,,,,,
268.8,46656,,,,,,,,,
268.9,46656,,,,,,,,,
269,46656,,,,,,,,,
269.1,46656,,,,,,,,,
269.2,46656,,,,,,,,,
269.3,46656,,,,,,,,,
269.4,46656,,,,,,,,,
269.5,46656,,,,,,,,,
269.6,46848,,,,,,,,,
269.7,46848,,,,,,,,,
269.8,46848,,,,,,,,,
269.9,46848,,,,,,,,,
270,46848,,,,,,,,,
270.1,46848,,,,,,,,,
270.2,46848,,,,,,,,,
270.3,46848,,,,,,,,,
270.4,46848,,,,,,,,,
270.5,46848,,,,,,,,,
270.6,45824,,,,,,,,,
270.7,45824,,,,,,,,,
270.8,45824,,,,,,,,,
270.9,45824,,,,,,,,,
271,45824,,,,,,,,,
271.1,45824,,,,,,,,,
271.2,45824,,,,,,,,,
271.3,45824,,,,,,,,,
271.4,45824,,,,,,,,,
271.5,45824,,,,,,,,,
271.6,45696,,,,,,,,,
271.7,45696,,,,,,,,,
271.8,45696,,,,,,,,,
271.9,45696,,,,,,,,,
272,45696,,,,,,,,,
272.1,45696,,,,,,,,,
272.2,45696,,,,,,,,,
272.3,45696,,,,,,,,,
272.4,44992,,,,,,,,,
272.5,44992,,,,,,,,,
272.6,46336,,,,,,,,,
272.7,46336,,,,,,,,,
272.8,46336,,,,,,,,,
272.9,46336,,,,,,,,,
273,46336,,,,,,,,,
273.1,46336,,,,,,,,,
273.2,46336,,,,,,,,,
273.3,46336,,,,,,,,,
273.4,46336,,,,,,,,,
273.5,46336,,,,,,,,,
273.6,47232,,,,,,,,,
273.7,47232,,,,,,,,,
273.8,47232,,,,,,,,,
273.9,47232,,,,,,,,,
274,47232,,,,,,,,,
274.1,47232,,,,,,,,,
274.2,47232,,,,,,,,,
274.3,47232,,,,,,,,,
274.4,47232,,,,,,,,,
274.5,47232,,,,,,,,,
274.6,45824,,,,,,,,,
274.7,45824,,,,,,,,,
274.8,45824,,,,,,,,,
274.9,45824,,,,,,,,,
275,45824,,,,,,,,,
275.1,45824,,,,,,,,,
275.2,45824,,,,,,,,,
275.3,45824,,,,,,,,,
275.4,45824,,,,,,,,,
275.5,45824,,,,,,,,,
275.6,45504,,,,,,,,,
275.7,45504,,,,,,,,,
275.8,45504,,,,,,,,,
275.9,45504,,,,,,,,,
276,45504,,,,,,,,,
276.1,45504,,,,,,,,,
276.2,45504,,,,,,,,,
276.3,45504,,,,,,,,,
276.4,45504,,,,,,,,,
276.5,45504,,,,,,,,,
276.6,42560,,,,,,,,,
276.7,42560,,,,,,,,,
276.8,42560,,,,,,,,,
276.9,42560,,,,,,,,,
277,42560,,,,,,,,,
277.1,42560,,,,,,,,,
277.2,42560,,,,,,,,,
277.3,42560,,,,,,,,,
277.4,42560,,,,,,,,,
277.5,42560,,,,,,,,,
277.6,33856,,,,,,,,,
277.7,33856,,,,,,,,,
277.8,33856,,,,,,,,,
277.9,33856,,,,,,,,,
278,33856,,,,,,,,,
278.1,33856,,,,,,,,,
278.2,33856,,,,,,,,,
278.3,33856,,,,,,,,,
278.4,33856,,,,,,,,,
278.5,33856,,,,,,,,,
278.6,20416,,,,,,,,,
278.7,20416,,,,,,,,,
278.8,20416,,,,,,,,,
278.9,20416,,,,,,,,,
279,20416,,,,,,,,,
279.1,20416,,,,,,,,,
279.2,20416,,,,,,,,,
279.3,20416,,,,,,,,,
279.4,20416,,,,,,,,,
279.5,20416,,,,,,,,,
279.6,19392,,,,,,,,,
279.7,19392,,,,,,,,,
279.8,19392,,,,,,,,,
279.9,19392,,,,,,,,,
280,19392,,,,,,,,,
280.1,19392,,,,,,,,,
280.2,19392,,,,,,,,,
280.3,19392,,,,,,,,,
280.4,19392,,,,,,,,,
280.5,19392,,,,,,,,,
280.6,22912,,,,,,,,,
280.7,22912,,,,,,,,,
280.8,22912,,,,,,,,,
280.9,22912,,,,,,,,,
281,22912,,,,,,,,,
281.1,22912,,,,,,,,,
281.2,22912,,,,,,,,,
281.3,22912,,,,,,,,,
281.4,22912,,,,,,,,,
281.5,22912,,,,,,,,,
281.6,22976,,,,,,,,,
281.7,22976,,,,,,,,,
281.8,22976,,,,,,,,,
281.9,22976,,,,,,,,,
282,22976,,,,,,,,,
282.1,22976,,,,,,,,,
282.2,22976,,,,,,,,,
282.3,22976,,,,,,,,,
282.4,22976,,,,,,,,,
282.5,22976,,,,,,,,,
282.6,37440,,,,,,,,,
282.7,37440,,,,,,,,,
282.8,37440,,,,,,,,,
282.9,37440,,,,,,,,,
283,37440,,,,,,,,,
283.1,37440,,,,,,,,,
283.2,37440,,,,,,,,,
283.3,37440,,,,,,,,,
283.4,37440,,,,,,,,,
283.5,37440,,,,,,,,,
283.6,44416,,,,,,,,,
283.7,44416,,,,,,,,,
283.8,44416,,,,,,,,,
283.9,44416,,,,,,,,,
284,44416,,,,,,,,,
284.1,44416,,,,,,,,,
284.2,44416,,,,,,,,,
284.3,44416,,,,,,,,,
284.4,44416,,,,,,,,,
284.5,44416,,,,,,,,,
284.6,45632,,,,,,,,,
284.7,45632,,,,,,,,,
284.8,45632,,,,,,,,,
284.9,45632,,,,,,,,,
285,45632,,,,,,,,,
285.1,45632,,,,,,,,,
285.2,45632,,,,,,,,,
285.3,45632,,,,,,,,,
285.4,45632,,,,,,,,,
285.5,45632,,,,,,,,,
285.6,46592,,,,,,,,,
285.7,46592,,,,,,,,,
285.8,46592,,,,,,,,,
285.9,46592,,,,,,,,,
286,46592,,,,,,,,,
286.1,46592,,,,,,,,,
286.2,46592,,,,,,,,,
286.3,46592,,,,,,,,,
286.4,46592,,,,,,,,,
286.5,46592,,,,,,,,,
286.6,46336,,,,,,,,,
286.7,46336,,,,,,,,,
286.8,46336,,,,,,,,,
286.9,46336,,,,,,,,,
287,46336,,,,,,,,,
287.1,46336,,,,,,,,,
287.2,46336,,,,,,,,,
287.3,46336,,,,,,,,,
287.4,46336,,,,,,,,,
287.5,46336,,,,,,,,,
287.6,46528,,,,,,,,,
287.7,46528,,,,,,,,,
287.8,46528,,,,,,,,,
287.9,46528,,,,,,,,,
288,46528,,,,,,,,,
288.1,46528,,,,,,,,,
288.2,46528,,,,,,,,,
288.3,46528,,,,,,,,,
288.4,46528,,,,,,,,,
288.5,46528,,,,,,,,,
288.6,47744,,,,,,,,,
288.7,47744,,,,,,,,,
288.8,47744,,,,,,,,,
288.9,47744,,,,,,,,,
289,47744,,,,,,,,,
289.1,47744,,,,,,,,,
289.2,47744,,,,,,,,,
289.3,47744,,,,,,,,,
289.4,47744,,,,,,,,,
289.5,47744,,,,,,,,,
289.6,46784,,,,,,,,,
289.7,46784,,,,,,,,,
289.8,46784,,,,,,,,,
289.9,46784,,,,,,,,,
290,46784,,,,,,,,,
290.1,46784,,,,,,,,,
290.2,46784,,,,,,,,,
290.3,46784,,,,,,,,,
290.4,46784,,,,,,,,,
290.5,46784,,,,,,,,,
290.6,47104,,,,,,,,,
290.7,47104,,,,,,,,,
290.8,47104,,,,,,,,,
290.9,47104,,,,,,,,,
291,47104,,,,,,,,,
291.1,47104,,,,,,,,,
291.2,47104,,,,,,,,,
291.3,47104,,,,,,,,,
291.4,47104,,,,,,,,,
291.5,47104,,,,,,,,,
291.6,45824,,,,,,,,,
291.7,45824,,,,,,,,,
291.8,45824,,,,,,,,,
291.9,45824,,,,,,,,,
292,45824,,,,,,,,,
292.1,45824,,,,,,,,,
292.2,45824,,,,,,,,,
292.3,45824,,,,,,,,,
292.4,45824,,,,,,,,,
